file,class,method,constructor,line,cbo,cboModified,fanin,fanout,wmc,rfc,loc,returnsQty,variablesQty,parametersQty,methodsInvokedQty,methodsInvokedLocalQty,methodsInvokedIndirectLocalQty,loopQty,comparisonsQty,tryCatchQty,parenthesizedExpsQty,stringLiteralsQty,numbersQty,assignmentsQty,mathOperationsQty,maxNestedBlocksQty,anonymousClassesQty,innerClassesQty,lambdasQty,uniqueWordsQty,modifiers,logStatementsQty,hasJavaDoc
D:\BilalModel\bilal\OOP\Ijaz\Intra\Android\app\src\main\java\app\intra\net\doh\Race.java,app.intra.net.doh.Race$Listener,onResult/1[int],FALSE,28,0,1,1,0,1,0,1,0,0,1,0,0,0,0,0,0,0,0,0,0,0,0,0,0,0,19,0,0,TRUE
D:\BilalModel\bilal\OOP\Ijaz\Intra\Android\app\src\main\java\app\intra\sys\CountryCode.java,app.intra.sys.CountryCode,getNetworkCountry/0,FALSE,47,1,2,2,0,1,0,3,1,0,0,0,0,0,0,0,0,0,0,0,0,0,0,0,0,0,4,1,0,FALSE
D:\BilalModel\bilal\OOP\Ijaz\Intra\Android\app\src\main\java\app\intra\sys\CountryCode.java,app.intra.sys.CountryCode,CountryCode/1[app.intra.sys.Context],TRUE,35,3,3,2,1,1,3,5,0,1,1,3,1,1,0,0,0,0,0,0,3,0,0,0,0,0,12,1,0,FALSE
D:\BilalModel\bilal\OOP\Ijaz\Intra\Android\app\src\main\java\app\intra\sys\CountryCode.java,app.intra.sys.CountryCode,countryFromSim/1[app.intra.sys.TelephonyManager],FALSE,51,4,2,1,1,5,7,22,4,7,1,7,0,0,0,1,1,0,9,2,7,0,2,0,0,0,23,10,0,FALSE
D:\BilalModel\bilal\OOP\Ijaz\Intra\Android\app\src\main\java\app\intra\sys\CountryCode.java,app.intra.sys.CountryCode,getDeviceCountry/0,FALSE,43,1,2,2,0,1,0,3,1,0,0,0,0,0,0,0,0,0,0,0,0,0,0,0,0,0,4,1,0,FALSE
D:\BilalModel\bilal\OOP\Ijaz\Intra\Android\app\src\main\java\app\intra\ui\MainActivity.java,app.intra.ui.MainActivity$Anonymous1,"onReceive/2[app.intra.ui.Context,app.intra.ui.Intent]",FALSE,116,4,3,0,3,3,7,8,0,0,2,7,0,0,0,0,0,0,0,0,0,0,1,0,0,0,14,1,0,FALSE
D:\BilalModel\bilal\OOP\Ijaz\Intra\Android\app\src\main\java\app\intra\ui\MainActivity.java,app.intra.ui.MainActivity$Anonymous2,onClick/1[app.intra.ui.View],FALSE,200,2,4,0,4,1,1,3,0,0,1,1,0,0,0,0,0,0,0,0,0,0,0,0,0,0,5,1,0,FALSE
D:\BilalModel\bilal\OOP\Ijaz\Intra\Android\app\src\main\java\app\intra\ui\RecyclerAdapter.java,app.intra.ui.RecyclerAdapter,add/1[app.intra.net.doh.Transaction],FALSE,422,2,2,1,1,1,2,4,0,0,1,2,0,0,0,0,0,0,0,1,0,0,0,0,0,0,11,1,0,TRUE
D:\BilalModel\bilal\OOP\Ijaz\Intra\Android\app\src\main\java\app\intra\ui\RecyclerAdapter.java,app.intra.ui.RecyclerAdapter,"onBindViewHolder/2[RecyclerView.ViewHolder,int]",FALSE,454,5,2,0,2,4,5,14,0,1,2,5,1,1,0,1,0,1,2,1,1,0,2,0,0,0,18,1,0,FALSE
D:\BilalModel\bilal\OOP\Ijaz\Intra\Android\app\src\main\java\app\intra\ui\RecyclerAdapter.java,app.intra.ui.RecyclerAdapter,getItem/1[int],FALSE,427,1,2,2,0,1,2,3,1,0,1,2,0,0,0,0,0,0,0,0,0,1,0,0,0,0,4,2,0,FALSE
D:\BilalModel\bilal\OOP\Ijaz\Intra\Android\app\src\main\java\app\intra\ui\RecyclerAdapter.java,app.intra.ui.RecyclerAdapter,getItemCount/0,FALSE,469,0,0,0,0,1,1,3,1,0,0,1,0,0,0,0,0,0,0,1,0,1,0,0,0,0,3,1,0,FALSE
D:\BilalModel\bilal\OOP\Ijaz\Intra\Android\app\src\main\java\app\intra\ui\RecyclerAdapter.java,app.intra.ui.RecyclerAdapter,reset/1[java.util.Queue<app.intra.net.doh.Transaction>],FALSE,407,2,3,2,1,3,3,12,0,0,1,3,0,0,1,1,0,0,0,0,1,0,2,0,0,0,20,1,0,TRUE
D:\BilalModel\bilal\OOP\Ijaz\Intra\Android\app\src\main\java\app\intra\ui\RecyclerAdapter.java,app.intra.ui.RecyclerAdapter,getItemViewType/1[int],FALSE,474,0,0,0,0,2,0,3,1,0,1,0,0,0,0,1,0,0,0,1,0,0,0,0,0,0,18,1,0,FALSE
D:\BilalModel\bilal\OOP\Ijaz\Intra\Android\app\src\main\java\app\intra\ui\RecyclerAdapter.java,app.intra.ui.RecyclerAdapter,activateCountryMap/0,FALSE,83,2,3,1,2,3,2,11,1,0,0,2,0,0,0,1,1,0,0,0,1,0,1,0,0,0,9,2,0,FALSE
D:\BilalModel\bilal\OOP\Ijaz\Intra\Android\app\src\main\java\app\intra\ui\RecyclerAdapter.java,app.intra.ui.RecyclerAdapter,"onCreateViewHolder/2[app.intra.ui.ViewGroup,int]",FALSE,432,7,3,0,3,3,8,16,2,4,2,8,0,0,0,2,0,0,1,0,4,0,1,0,0,0,29,1,0,FALSE
D:\BilalModel\bilal\OOP\Ijaz\Intra\Android\app\src\main\java\app\intra\ui\RecyclerAdapter.java,app.intra.ui.RecyclerAdapter,RecyclerAdapter/1[app.intra.ui.MainActivity],TRUE,74,1,1,1,0,1,2,6,0,0,1,2,0,0,0,0,0,0,0,0,3,0,0,0,0,0,8,0,0,FALSE
D:\BilalModel\bilal\OOP\Ijaz\Intra\Android\app\src\main\java\app\intra\ui\MainActivity.java,app.intra.ui.MainActivity$Anonymous3,onNavigationItemSelected/1[app.intra.ui.MenuItem],FALSE,209,2,2,0,2,8,3,25,7,0,1,3,0,0,0,0,0,0,4,0,0,0,1,0,0,0,15,1,0,FALSE
D:\BilalModel\bilal\OOP\Ijaz\Intra\Android\app\src\main\java\app\intra\ui\MainActivity.java,app.intra.ui.MainActivity$Anonymous4,"onCheckedChanged/2[app.intra.ui.CompoundButton,boolean]",FALSE,274,2,4,0,4,2,2,8,0,0,2,2,0,0,0,0,0,0,0,0,0,0,1,0,0,0,13,1,0,FALSE
D:\BilalModel\bilal\OOP\Ijaz\Intra\Android\app\src\main\java\app\intra\ui\MainActivity.java,app.intra.ui.MainActivity$Anonymous5,"onCheckedChanged/2[app.intra.ui.CompoundButton,boolean]",FALSE,290,3,4,0,4,2,2,6,0,0,2,2,0,0,0,0,0,0,0,0,0,0,1,0,0,0,7,1,0,FALSE
D:\BilalModel\bilal\OOP\Ijaz\Intra\Android\app\src\main\java\app\intra\sys\NetworkManager.java,app.intra.sys.NetworkManager$NetworkListener,onNetworkConnected/1[app.intra.sys.NetworkInfo],FALSE,43,1,2,2,0,1,0,1,0,0,1,0,0,0,0,0,0,0,0,0,0,0,0,0,0,0,5,0,0,FALSE
D:\BilalModel\bilal\OOP\Ijaz\Intra\Android\app\src\main\java\app\intra\sys\NetworkManager.java,app.intra.sys.NetworkManager$NetworkListener,onNetworkDisconnected/0,FALSE,45,0,1,1,0,1,0,1,0,0,0,0,0,0,0,0,0,0,0,0,0,0,0,0,0,0,3,0,0,FALSE
D:\BilalModel\bilal\OOP\Ijaz\Intra\Android\app\src\main\java\app\intra\ui\MainActivity.java,app.intra.ui.MainActivity$Anonymous6,run/0,FALSE,381,1,3,0,3,1,5,4,0,1,0,5,0,0,0,0,0,0,1,2,1,2,0,0,0,0,4,1,0,FALSE
D:\BilalModel\bilal\OOP\Ijaz\Intra\Android\app\src\main\java\app\intra\ui\MainActivity.java,app.intra.ui.MainActivity$Anonymous7,run/0,FALSE,390,0,3,0,3,1,1,3,0,0,0,1,0,0,0,0,0,0,0,0,0,0,0,0,0,0,3,1,0,FALSE
D:\BilalModel\bilal\OOP\Ijaz\Intra\Android\app\src\test\java\app\intra\net\doh\RaceTest.java,app.intra.net.doh.RaceTest$SuccessProber,"probe/2[java.lang.String,app.intra.net.doh.Prober.Callback]",FALSE,26,1,1,0,1,1,2,3,0,0,2,2,0,0,0,0,0,0,0,0,0,0,0,0,0,1,4,1,0,FALSE
D:\BilalModel\bilal\OOP\Ijaz\Intra\Android\app\src\main\java\app\intra\sys\firebase\BundleBuilder.java,app.intra.sys.firebase.BundleBuilder,"put/2[app.intra.sys.firebase.BundleBuilder.Params,java.lang.String]",FALSE,59,2,7,7,0,1,2,4,1,0,2,2,0,0,0,0,0,0,0,0,0,0,0,0,0,0,5,0,0,FALSE
D:\BilalModel\bilal\OOP\Ijaz\Intra\Android\app\src\main\java\app\intra\sys\firebase\BundleBuilder.java,app.intra.sys.firebase.BundleBuilder,"put/2[app.intra.sys.firebase.BundleBuilder.Params,long]",FALSE,54,2,2,2,0,1,2,4,1,0,2,2,0,0,0,0,0,0,0,0,0,0,0,0,0,0,5,0,0,FALSE
D:\BilalModel\bilal\OOP\Ijaz\Intra\Android\app\src\main\java\app\intra\sys\firebase\BundleBuilder.java,app.intra.sys.firebase.BundleBuilder,"put/2[app.intra.sys.firebase.BundleBuilder.Params,int]",FALSE,49,2,4,4,0,1,2,4,1,0,2,2,0,0,0,0,0,0,0,0,0,0,0,0,0,0,5,0,0,FALSE
D:\BilalModel\bilal\OOP\Ijaz\Intra\Android\app\src\main\java\app\intra\sys\firebase\BundleBuilder.java,app.intra.sys.firebase.BundleBuilder,build/0,FALSE,64,1,1,1,0,1,0,3,1,0,0,0,0,0,0,0,0,0,0,0,0,0,0,0,0,0,3,0,0,FALSE
D:\BilalModel\bilal\OOP\Ijaz\Intra\Android\app\src\main\java\app\intra\ui\CountryMap.java,app.intra.ui.CountryMap,"lessEqual/3[byte[],int,byte[]]",FALSE,61,1,1,1,0,4,0,13,3,3,3,0,0,0,1,0,0,0,0,3,3,1,2,0,0,0,31,10,0,TRUE
D:\BilalModel\bilal\OOP\Ijaz\Intra\Android\app\src\main\java\app\intra\ui\CountryMap.java,app.intra.ui.CountryMap,read/1[java.io.InputStream],FALSE,46,1,1,1,0,2,3,9,1,3,1,3,0,0,1,1,0,1,0,4,3,0,1,0,0,0,13,10,0,FALSE
D:\BilalModel\bilal\OOP\Ijaz\Intra\Android\app\src\main\java\app\intra\ui\CountryMap.java,app.intra.ui.CountryMap,CountryMap/1[app.intra.ui.AssetManager],TRUE,42,2,2,1,1,1,2,3,0,0,1,2,1,1,0,0,0,0,1,0,1,0,0,0,0,0,10,0,0,FALSE
D:\BilalModel\bilal\OOP\Ijaz\Intra\Android\app\src\main\java\app\intra\ui\CountryMap.java,app.intra.ui.CountryMap,getCountryCode/1[java.net.InetAddress],FALSE,76,2,2,1,1,4,4,22,2,8,1,4,1,1,1,1,0,1,2,4,10,9,2,0,0,0,28,0,0,FALSE
D:\BilalModel\bilal\OOP\Ijaz\Intra\Android\app\src\main\java\app\intra\ui\settings\AppInfo.java,app.intra.ui.settings.AppInfo$Anonymous1,newArray/1[int],FALSE,74,1,0,0,0,1,0,3,1,0,1,0,0,0,0,0,0,0,0,0,0,0,0,0,0,0,3,1,0,FALSE
D:\BilalModel\bilal\OOP\Ijaz\Intra\Android\app\src\main\java\app\intra\ui\settings\AppInfo.java,app.intra.ui.settings.AppInfo$Anonymous1,createFromParcel/1[app.intra.ui.settings.Parcel],FALSE,65,2,1,0,1,3,1,7,2,1,1,1,0,0,0,1,0,0,0,3,1,0,1,0,0,0,8,1,0,FALSE
D:\BilalModel\bilal\OOP\Ijaz\Intra\Android\app\src\main\java\app\intra\net\doh\Race.java,app.intra.net.doh.Race$Callback,onCompleted/1[boolean],FALSE,93,1,1,0,1,1,1,3,0,0,1,1,0,0,0,0,0,0,0,0,0,0,0,0,0,0,3,1,0,FALSE
D:\BilalModel\bilal\OOP\Ijaz\Intra\Android\app\src\main\java\app\intra\net\doh\Race.java,app.intra.net.doh.Race$Callback,"Callback/2[int,app.intra.net.doh.Race.Collector]",TRUE,87,1,1,1,0,1,0,4,0,0,2,0,0,0,0,0,0,0,0,0,2,0,0,0,0,0,3,2,0,FALSE
D:\BilalModel\bilal\OOP\Ijaz\Intra\Android\app\src\main\java\app\intra\net\go\GoVpnAdapter.java,app.intra.net.go.GoVpnAdapter,"getIpString/2[app.intra.net.go.Context,java.lang.String]",FALSE,253,4,4,2,2,6,7,26,1,7,2,7,0,0,1,0,1,0,2,1,10,1,2,0,0,0,21,8,0,FALSE
D:\BilalModel\bilal\OOP\Ijaz\Intra\Android\app\src\main\java\app\intra\net\go\GoVpnAdapter.java,app.intra.net.go.GoVpnAdapter,updateDohUrl/0,FALSE,226,4,7,1,6,4,8,19,2,1,0,8,2,3,0,2,1,0,0,0,2,0,1,0,0,0,43,33,0,TRUE
D:\BilalModel\bilal\OOP\Ijaz\Intra\Android\app\src\main\java\app\intra\net\go\GoVpnAdapter.java,app.intra.net.go.GoVpnAdapter,start/0,FALSE,106,1,3,2,1,1,1,3,0,0,0,1,1,3,0,0,0,0,0,0,0,0,0,0,0,0,3,33,0,FALSE
D:\BilalModel\bilal\OOP\Ijaz\Intra\Android\app\src\main\java\app\intra\net\go\GoVpnAdapter.java,app.intra.net.go.GoVpnAdapter,establishVpn/1[app.intra.sys.IntraVpnService],FALSE,160,5,4,1,3,4,12,16,2,1,1,12,0,0,0,0,1,0,2,1,1,0,2,0,0,0,30,10,0,FALSE
D:\BilalModel\bilal\OOP\Ijaz\Intra\Android\app\src\main\java\app\intra\net\go\GoVpnAdapter.java,app.intra.net.go.GoVpnAdapter,close/0,FALSE,190,1,3,2,1,4,3,14,0,0,0,3,0,0,0,2,1,0,0,0,1,0,2,0,0,0,9,33,0,FALSE
D:\BilalModel\bilal\OOP\Ijaz\Intra\Android\app\src\main\java\app\intra\net\go\GoVpnAdapter.java,app.intra.net.go.GoVpnAdapter,makeDohTransport/1[java.lang.String],FALSE,204,7,6,2,4,2,9,17,1,6,1,9,2,1,0,0,1,1,0,0,6,1,1,0,0,0,24,2,0,FALSE
D:\BilalModel\bilal\OOP\Ijaz\Intra\Android\app\src\main\java\app\intra\net\go\GoVpnAdapter.java,app.intra.net.go.GoVpnAdapter,getProtector/0,FALSE,181,3,2,2,0,2,0,6,2,0,0,0,0,0,0,0,0,0,0,0,0,0,1,0,0,0,5,2,0,FALSE
D:\BilalModel\bilal\OOP\Ijaz\Intra\Android\app\src\main\java\app\intra\net\go\GoVpnAdapter.java,app.intra.net.go.GoVpnAdapter,"GoVpnAdapter/2[app.intra.sys.IntraVpnService,app.intra.net.go.ParcelFileDescriptor]",TRUE,101,2,1,1,0,1,0,4,0,0,2,0,0,0,0,0,0,0,0,0,2,0,0,0,0,0,8,2,0,FALSE
D:\BilalModel\bilal\OOP\Ijaz\Intra\Android\app\src\main\java\app\intra\net\go\GoVpnAdapter.java,app.intra.net.go.GoVpnAdapter,connectTunnel/0,FALSE,110,7,12,2,10,4,11,21,2,3,0,11,3,2,0,1,1,0,2,0,5,1,1,0,0,0,37,2,0,FALSE
D:\BilalModel\bilal\OOP\Ijaz\Intra\Android\app\src\main\java\app\intra\net\go\GoVpnAdapter.java,app.intra.net.go.GoVpnAdapter,enableChoir/0,FALSE,139,3,5,1,4,4,7,18,1,3,0,7,0,0,0,0,1,0,2,0,4,1,1,0,0,0,23,2,0,FALSE
D:\BilalModel\bilal\OOP\Ijaz\Intra\Android\app\src\main\java\app\intra\net\go\GoVpnAdapter.java,app.intra.net.go.GoVpnAdapter,establish/1[app.intra.sys.IntraVpnService],FALSE,93,4,3,1,2,2,1,7,2,1,1,1,1,1,0,1,0,0,0,0,1,0,1,0,0,0,13,9,0,FALSE
D:\BilalModel\bilal\OOP\Ijaz\Intra\Android\app\src\main\java\app\intra\sys\PersistentState.java,app.intra.sys.PersistentState,"extractHostForAnalytics/2[app.intra.sys.Context,java.lang.String]",FALSE,158,2,3,1,2,2,7,8,2,2,2,7,2,1,0,0,0,0,0,0,2,0,1,0,0,0,33,9,0,TRUE
D:\BilalModel\bilal\OOP\Ijaz\Intra\Android\app\src\main\java\app\intra\sys\PersistentState.java,app.intra.sys.PersistentState,syncLegacyState/1[app.intra.sys.Context],FALSE,73,5,5,1,4,7,10,30,3,6,1,10,3,3,1,3,0,0,1,1,8,0,3,0,0,0,23,9,0,FALSE
D:\BilalModel\bilal\OOP\Ijaz\Intra\Android\app\src\main\java\app\intra\sys\PersistentState.java,app.intra.sys.PersistentState,getApprovalSettings/1[app.intra.sys.Context],FALSE,167,2,2,2,0,1,1,3,1,0,1,1,0,0,0,0,0,0,0,0,0,0,0,0,0,0,7,10,0,FALSE
D:\BilalModel\bilal\OOP\Ijaz\Intra\Android\app\src\main\java\app\intra\sys\PersistentState.java,app.intra.sys.PersistentState,getVpnEnabled/1[app.intra.sys.Context],FALSE,63,2,2,1,1,1,2,3,1,0,1,2,1,1,0,0,0,0,0,0,0,0,0,0,0,0,7,8,0,FALSE
D:\BilalModel\bilal\OOP\Ijaz\Intra\Android\app\src\main\java\app\intra\sys\PersistentState.java,app.intra.sys.PersistentState,getInternalState/1[app.intra.sys.Context],FALSE,55,2,3,3,0,1,1,3,1,0,1,1,0,0,0,0,0,0,0,0,0,0,0,0,0,0,7,10,0,FALSE
D:\BilalModel\bilal\OOP\Ijaz\Intra\Android\app\src\main\java\app\intra\sys\PersistentState.java,app.intra.sys.PersistentState,"setWelcomeApproved/2[app.intra.sys.Context,boolean]",FALSE,175,3,2,1,1,1,4,5,0,1,2,4,1,1,0,0,0,0,0,0,1,0,0,0,0,0,10,9,0,FALSE
D:\BilalModel\bilal\OOP\Ijaz\Intra\Android\app\src\main\java\app\intra\sys\PersistentState.java,app.intra.sys.PersistentState,"expandUrl/2[app.intra.sys.Context,java.lang.String]",FALSE,140,3,5,5,0,3,3,6,2,0,2,3,0,0,0,1,0,0,0,0,0,0,1,0,0,0,5,9,0,FALSE
D:\BilalModel\bilal\OOP\Ijaz\Intra\Android\app\src\main\java\app\intra\sys\PersistentState.java,app.intra.sys.PersistentState,getServerName/1[app.intra.sys.Context],FALSE,148,2,4,1,3,1,3,3,1,0,1,3,3,2,0,0,0,0,0,0,0,0,0,0,0,0,9,9,0,FALSE
D:\BilalModel\bilal\OOP\Ijaz\Intra\Android\app\src\main\java\app\intra\sys\PersistentState.java,app.intra.sys.PersistentState,"setServerUrl/2[app.intra.sys.Context,java.lang.String]",FALSE,115,3,2,1,1,1,4,5,0,1,2,4,1,1,0,0,0,0,0,0,1,0,0,0,0,0,10,9,0,FALSE
D:\BilalModel\bilal\OOP\Ijaz\Intra\Android\app\src\main\java\app\intra\sys\PersistentState.java,app.intra.sys.PersistentState,"setVpnEnabled/2[app.intra.sys.Context,boolean]",FALSE,67,3,4,3,1,1,4,5,0,1,2,4,1,1,0,0,0,0,0,0,1,0,0,0,0,0,10,8,0,FALSE
D:\BilalModel\bilal\OOP\Ijaz\Intra\Android\app\src\main\java\app\intra\sys\PersistentState.java,app.intra.sys.PersistentState,extractHost/1[java.lang.String],FALSE,129,1,3,2,1,2,2,10,2,1,1,2,0,0,0,0,1,0,1,0,1,0,1,0,0,0,12,10,0,FALSE
D:\BilalModel\bilal\OOP\Ijaz\Intra\Android\app\src\main\java\app\intra\sys\PersistentState.java,app.intra.sys.PersistentState,getUserPreferences/1[app.intra.sys.Context],FALSE,59,2,3,3,0,1,1,3,1,0,1,1,0,0,0,0,0,0,0,0,0,0,0,0,0,0,6,10,0,FALSE
D:\BilalModel\bilal\OOP\Ijaz\Intra\Android\app\src\main\java\app\intra\sys\PersistentState.java,app.intra.sys.PersistentState,getServerUrl/1[app.intra.sys.Context],FALSE,121,3,8,6,2,2,3,7,2,1,1,3,1,1,0,1,0,0,0,0,1,0,1,0,0,0,10,9,0,FALSE
D:\BilalModel\bilal\OOP\Ijaz\Intra\Android\app\src\main\java\app\intra\sys\PersistentState.java,app.intra.sys.PersistentState,getExcludedPackages/1[app.intra.sys.Context],FALSE,181,2,2,1,1,1,2,3,1,0,1,2,1,1,0,0,0,0,0,0,0,0,0,0,0,0,7,8,0,FALSE
D:\BilalModel\bilal\OOP\Ijaz\Intra\Android\app\src\main\java\app\intra\sys\PersistentState.java,app.intra.sys.PersistentState,getWelcomeApproved/1[app.intra.sys.Context],FALSE,171,2,2,1,1,1,2,3,1,0,1,2,1,1,0,0,0,0,0,0,0,0,0,0,0,0,7,9,0,FALSE
D:\BilalModel\bilal\OOP\Ijaz\Intra\Android\app\src\main\java\app\intra\ui\IntroDialog.java,app.intra.ui.IntroDialog$ButtonVisibilityUpdater,"ButtonVisibilityUpdater/3[app.intra.ui.Button,app.intra.ui.Button,app.intra.ui.Button]",TRUE,201,1,1,1,0,1,0,5,0,0,3,0,0,0,0,0,0,0,0,0,3,0,0,0,0,0,6,0,0,FALSE
D:\BilalModel\bilal\OOP\Ijaz\Intra\Android\app\src\main\java\app\intra\ui\IntroDialog.java,app.intra.ui.IntroDialog$ButtonVisibilityUpdater,onPageSelected/1[int],FALSE,208,0,0,0,0,4,2,6,0,0,1,2,0,0,0,3,0,0,0,3,0,2,0,0,0,0,13,1,0,FALSE
D:\BilalModel\bilal\OOP\Ijaz\Intra\Android\app\src\main\java\app\intra\ui\IntroDialog.java,app.intra.ui.IntroDialog$Anonymous1,onClick/1[app.intra.ui.View],FALSE,89,1,4,0,4,2,2,6,0,1,1,2,0,0,0,0,0,0,0,2,1,1,1,0,0,0,6,1,0,FALSE
D:\BilalModel\bilal\OOP\Ijaz\Intra\Android\app\src\main\java\app\intra\ui\RecyclerAdapter.java,app.intra.ui.RecyclerAdapter$TransactionViewHolder,onClick/1[app.intra.ui.View],FALSE,182,3,1,0,1,1,3,6,0,2,1,3,0,0,0,0,0,0,0,0,3,0,0,0,0,0,10,1,0,FALSE
D:\BilalModel\bilal\OOP\Ijaz\Intra\Android\app\src\main\java\app\intra\ui\RecyclerAdapter.java,app.intra.ui.RecyclerAdapter$TransactionViewHolder,update/1[app.intra.ui.RecyclerAdapter.Transaction],FALSE,170,2,2,1,1,1,2,7,0,0,1,2,1,1,0,0,0,0,0,0,1,0,0,0,0,0,4,1,0,FALSE
D:\BilalModel\bilal\OOP\Ijaz\Intra\Android\app\src\main\java\app\intra\ui\RecyclerAdapter.java,app.intra.ui.RecyclerAdapter$TransactionViewHolder,setExpanded/1[boolean],FALSE,151,0,1,1,0,5,4,17,0,0,1,4,0,0,0,1,0,0,0,0,0,0,2,0,0,0,6,2,0,FALSE
D:\BilalModel\bilal\OOP\Ijaz\Intra\Android\app\src\main\java\app\intra\ui\RecyclerAdapter.java,app.intra.ui.RecyclerAdapter$TransactionViewHolder,TransactionViewHolder/1[app.intra.ui.View],TRUE,130,1,1,1,0,1,2,15,0,0,1,2,0,0,0,0,0,0,0,0,11,0,0,0,0,0,16,0,0,FALSE
D:\BilalModel\bilal\OOP\Ijaz\Intra\Android\app\src\main\java\app\intra\ui\IntroDialog.java,app.intra.ui.IntroDialog$Anonymous2,onClick/1[app.intra.ui.View],FALSE,99,1,4,0,4,2,2,6,0,1,1,2,0,0,0,0,0,0,0,2,1,2,1,0,0,0,15,1,0,FALSE
D:\BilalModel\bilal\OOP\Ijaz\Intra\Android\app\src\main\java\app\intra\ui\IntroDialog.java,app.intra.ui.IntroDialog$Anonymous3,onClick/1[app.intra.ui.View],FALSE,110,3,4,0,4,1,5,5,0,0,1,5,0,0,0,0,0,0,0,0,0,0,0,0,0,0,7,1,0,FALSE
D:\BilalModel\bilal\OOP\Ijaz\Intra\Android\app\src\test\java\app\intra\sys\firebase\RemoteConfigTest.java,app.intra.sys.firebase.RemoteConfigTest,getExtraIPKey/0,FALSE,25,2,1,0,1,1,2,10,0,0,0,2,0,0,0,0,0,0,16,0,0,0,0,0,0,0,7,1,0,FALSE
D:\BilalModel\bilal\OOP\Ijaz\Intra\Android\app\src\test\java\app\intra\net\doh\RaceTest.java,app.intra.net.doh.RaceTest$HalfProber,"probe/2[java.lang.String,app.intra.net.doh.Prober.Callback]",FALSE,74,1,1,0,1,2,3,5,0,2,2,3,0,0,0,1,0,1,0,2,2,1,0,0,0,1,6,1,0,FALSE
D:\BilalModel\bilal\OOP\Ijaz\Intra\Android\app\src\main\java\app\intra\ui\PadNavigationView.java,app.intra.ui.PadNavigationView,"PadNavigationView/2[app.intra.ui.Context,app.intra.ui.AttributeSet]",TRUE,33,2,0,0,0,1,0,3,0,0,2,0,0,0,0,0,0,0,0,0,0,0,0,0,0,0,5,1,0,FALSE
D:\BilalModel\bilal\OOP\Ijaz\Intra\Android\app\src\main\java\app\intra\ui\PadNavigationView.java,app.intra.ui.PadNavigationView,"PadNavigationView/3[app.intra.ui.Context,app.intra.ui.AttributeSet,int]",TRUE,37,2,0,0,0,1,0,3,0,0,3,0,0,0,0,0,0,0,0,0,0,0,0,0,0,0,7,1,0,FALSE
D:\BilalModel\bilal\OOP\Ijaz\Intra\Android\app\src\main\java\app\intra\ui\PadNavigationView.java,app.intra.ui.PadNavigationView,PadNavigationView/1[app.intra.ui.Context],TRUE,29,1,0,0,0,1,0,3,0,0,1,0,0,0,0,0,0,0,0,0,0,0,0,0,0,0,5,1,0,FALSE
D:\BilalModel\bilal\OOP\Ijaz\Intra\Android\app\src\main\java\app\intra\ui\PadNavigationView.java,app.intra.ui.PadNavigationView,onInsetsChanged/1[app.intra.ui.WindowInsetsCompat],FALSE,42,1,0,0,0,1,5,3,0,0,1,5,0,0,0,0,0,0,0,0,0,0,0,0,0,0,10,4,0,FALSE
D:\BilalModel\bilal\OOP\Ijaz\Intra\Android\app\src\test\java\app\intra\net\dns\DnsPacketTest.java,app.intra.net.dns.DnsPacketTest,testNXDOMAIN/0,FALSE,98,3,7,0,7,1,10,10,0,2,0,10,0,0,0,0,0,0,1,60,2,0,0,0,0,0,18,1,0,FALSE
D:\BilalModel\bilal\OOP\Ijaz\Intra\Android\app\src\test\java\app\intra\net\dns\DnsPacketTest.java,app.intra.net.dns.DnsPacketTest,testInfiniteLoop/0,FALSE,259,3,1,0,1,2,3,10,0,1,0,3,0,0,0,0,1,0,1,20,1,0,1,0,0,0,16,1,0,FALSE
D:\BilalModel\bilal\OOP\Ijaz\Intra\Android\app\src\test\java\app\intra\net\dns\DnsPacketTest.java,app.intra.net.dns.DnsPacketTest,testCompression/0,FALSE,181,3,7,0,7,1,10,10,0,2,0,10,0,0,0,0,0,0,1,112,2,0,0,0,0,0,12,1,0,FALSE
D:\BilalModel\bilal\OOP\Ijaz\Intra\Android\app\src\test\java\app\intra\net\dns\DnsPacketTest.java,app.intra.net.dns.DnsPacketTest,testTruncated/0,FALSE,153,3,1,0,1,3,2,12,0,4,0,2,0,0,1,0,1,0,0,21,4,0,2,0,0,0,12,1,0,FALSE
D:\BilalModel\bilal\OOP\Ijaz\Intra\Android\app\src\test\java\app\intra\net\dns\DnsPacketTest.java,app.intra.net.dns.DnsPacketTest,testResponse/0,FALSE,55,3,7,0,7,1,12,11,0,2,0,12,0,0,0,0,0,0,2,56,2,0,0,0,0,0,12,1,0,FALSE
D:\BilalModel\bilal\OOP\Ijaz\Intra\Android\app\src\test\java\app\intra\net\dns\DnsPacketTest.java,app.intra.net.dns.DnsPacketTest,testQuery/0,FALSE,29,3,7,0,7,1,10,10,0,2,0,10,0,0,0,0,0,0,1,23,2,0,0,0,0,0,12,1,0,FALSE
D:\BilalModel\bilal\OOP\Ijaz\Intra\Android\app\src\test\java\app\intra\net\dns\DnsPacketTest.java,app.intra.net.dns.DnsPacketTest,testEmpty/0,FALSE,143,3,1,0,1,2,1,9,0,2,0,1,0,0,0,0,1,0,0,0,2,0,1,0,0,0,10,1,0,FALSE
D:\BilalModel\bilal\OOP\Ijaz\Intra\Android\app\src\main\java\app\intra\sys\ActivityReceiver.java,app.intra.sys.ActivityReceiver,receive/1[java.util.Collection<java.lang.Long>],FALSE,28,0,1,1,0,1,0,1,0,0,1,0,0,0,0,0,0,0,0,0,0,0,0,0,0,0,29,0,0,TRUE
D:\BilalModel\bilal\OOP\Ijaz\Intra\Android\app\src\main\java\app\intra\ui\IntroDialog.java,app.intra.ui.IntroDialog,getTheme/0,FALSE,57,0,0,0,0,1,0,3,1,0,0,0,0,0,0,0,0,0,0,0,0,0,0,0,0,0,2,1,0,FALSE
D:\BilalModel\bilal\OOP\Ijaz\Intra\Android\app\src\main\java\app\intra\ui\IntroDialog.java,app.intra.ui.IntroDialog,shouldShow/1[app.intra.ui.Activity],FALSE,52,2,2,1,1,1,1,3,1,0,1,1,0,0,0,0,0,0,0,0,0,0,0,0,0,0,6,8,0,FALSE
D:\BilalModel\bilal\OOP\Ijaz\Intra\Android\app\src\main\java\app\intra\ui\IntroDialog.java,app.intra.ui.IntroDialog,"onCreateView/3[app.intra.ui.LayoutInflater,app.intra.ui.ViewGroup,app.intra.ui.Bundle]",FALSE,63,12,3,0,3,2,10,55,1,13,3,10,0,0,0,0,0,0,0,0,14,0,1,3,0,1,46,1,0,FALSE
D:\BilalModel\bilal\OOP\Ijaz\Intra\Android\app\src\main\java\app\intra\ui\RecyclerAdapter.java,app.intra.ui.RecyclerAdapter$Transaction,getCountryCode/1[java.net.InetAddress],FALSE,384,3,3,1,2,2,2,7,2,0,1,2,0,0,0,1,0,0,0,0,0,0,1,0,0,0,10,2,0,FALSE
D:\BilalModel\bilal\OOP\Ijaz\Intra\Android\app\src\main\java\app\intra\ui\RecyclerAdapter.java,app.intra.ui.RecyclerAdapter$Transaction,getETldPlus1/1[java.lang.String],FALSE,356,1,1,1,0,5,6,24,5,3,1,6,0,0,0,1,2,0,1,5,3,3,3,0,0,0,16,2,0,FALSE
D:\BilalModel\bilal\OOP\Ijaz\Intra\Android\app\src\main\java\app\intra\ui\RecyclerAdapter.java,app.intra.ui.RecyclerAdapter$Transaction,getTypeName/1[int],FALSE,273,0,1,1,0,2,1,7,2,1,1,1,0,0,0,0,0,0,55,0,1,0,1,0,0,0,5,2,0,FALSE
D:\BilalModel\bilal\OOP\Ijaz\Intra\Android\app\src\main\java\app\intra\ui\RecyclerAdapter.java,app.intra.ui.RecyclerAdapter$Transaction,"makeAddressPair/2[java.lang.String,java.lang.String]",FALSE,392,1,1,1,0,2,1,6,2,0,2,1,0,0,0,1,0,0,1,0,0,0,1,0,0,0,7,2,0,FALSE
D:\BilalModel\bilal\OOP\Ijaz\Intra\Android\app\src\main\java\app\intra\ui\RecyclerAdapter.java,app.intra.ui.RecyclerAdapter$Transaction,getFlag/1[java.lang.String],FALSE,338,1,1,1,0,2,2,11,2,5,1,2,0,0,0,1,0,0,1,3,5,4,1,0,0,0,15,2,0,FALSE
D:\BilalModel\bilal\OOP\Ijaz\Intra\Android\app\src\main\java\app\intra\ui\RecyclerAdapter.java,app.intra.ui.RecyclerAdapter$Transaction,Transaction/1[app.intra.net.doh.Transaction],TRUE,207,5,9,2,7,9,17,66,0,11,1,17,5,1,0,5,2,0,6,2,31,1,3,0,0,0,41,0,0,FALSE
D:\BilalModel\bilal\OOP\Ijaz\Intra\Android\app\src\main\java\app\intra\sys\QueryTracker.java,app.intra.sys.QueryTracker,getNumRequests/0,FALSE,49,0,1,1,0,1,0,3,1,0,0,0,0,0,0,0,0,0,0,0,0,0,0,0,0,0,4,33,0,FALSE
D:\BilalModel\bilal\OOP\Ijaz\Intra\Android\app\src\main\java\app\intra\sys\QueryTracker.java,app.intra.sys.QueryTracker,showActivity/1[app.intra.sys.ActivityReceiver],FALSE,60,1,2,1,1,1,2,3,0,0,1,2,0,0,0,0,0,0,0,0,0,0,0,0,0,0,15,33,0,TRUE
D:\BilalModel\bilal\OOP\Ijaz\Intra\Android\app\src\main\java\app\intra\sys\QueryTracker.java,app.intra.sys.QueryTracker,countQueriesSince/1[long],FALSE,64,0,1,1,0,3,1,12,1,1,1,1,0,0,1,0,0,0,0,0,1,0,2,0,0,0,9,33,0,FALSE
D:\BilalModel\bilal\OOP\Ijaz\Intra\Android\app\src\main\java\app\intra\sys\QueryTracker.java,app.intra.sys.QueryTracker,sync/1[app.intra.sys.Context],FALSE,115,3,3,3,0,2,6,12,0,3,1,6,0,0,0,0,0,0,0,1,4,0,1,0,0,0,11,33,0,FALSE
D:\BilalModel\bilal\OOP\Ijaz\Intra\Android\app\src\main\java\app\intra\sys\QueryTracker.java,app.intra.sys.QueryTracker,isHistoryEnabled/0,FALSE,85,0,0,0,0,1,0,3,1,0,0,0,0,0,0,0,0,0,0,0,0,0,0,0,0,0,4,1,0,FALSE
D:\BilalModel\bilal\OOP\Ijaz\Intra\Android\app\src\main\java\app\intra\sys\QueryTracker.java,app.intra.sys.QueryTracker,"recordTransaction/2[app.intra.sys.Context,app.intra.net.doh.Transaction]",FALSE,90,3,2,1,1,6,7,18,0,0,2,7,1,1,1,2,0,0,0,1,0,2,2,0,0,0,24,32,0,FALSE
D:\BilalModel\bilal\OOP\Ijaz\Intra\Android\app\src\main\java\app\intra\sys\QueryTracker.java,app.intra.sys.QueryTracker,setHistoryEnabled/1[boolean],FALSE,78,0,1,1,0,2,1,6,0,0,1,1,0,0,0,0,0,0,0,0,1,0,1,0,0,0,5,33,0,FALSE
D:\BilalModel\bilal\OOP\Ijaz\Intra\Android\app\src\main\java\app\intra\sys\QueryTracker.java,app.intra.sys.QueryTracker,getRecentTransactions/0,FALSE,53,1,0,0,0,1,0,3,1,0,0,0,0,0,0,0,0,0,0,0,0,0,0,0,0,0,4,33,0,FALSE
D:\BilalModel\bilal\OOP\Ijaz\Intra\Android\app\src\main\java\app\intra\sys\QueryTracker.java,app.intra.sys.QueryTracker,QueryTracker/1[app.intra.sys.Context],TRUE,45,2,2,1,1,1,1,3,0,0,1,1,1,1,0,0,0,0,0,0,0,0,0,0,0,0,5,0,0,FALSE
D:\BilalModel\bilal\OOP\Ijaz\Intra\Android\app\src\androidTest\java\app\intra\ui\settings\AppInfoTest.java,app.intra.ui.settings.AppInfoTest,compareToEqual/0,FALSE,18,2,2,0,2,1,2,6,0,0,0,2,0,0,0,0,0,0,0,4,0,0,0,0,0,0,14,1,0,FALSE
D:\BilalModel\bilal\OOP\Ijaz\Intra\Android\app\src\androidTest\java\app\intra\ui\settings\AppInfoTest.java,app.intra.ui.settings.AppInfoTest,compareToUnequal/0,FALSE,26,2,1,0,1,1,2,12,0,0,0,2,0,0,0,0,0,0,0,10,0,0,0,0,0,0,14,1,0,FALSE
D:\BilalModel\bilal\OOP\Ijaz\Intra\Android\app\src\androidTest\java\app\intra\ui\settings\AppInfoTest.java,app.intra.ui.settings.AppInfoTest,writeToParcel/0,FALSE,53,2,1,0,1,1,1,4,0,0,0,1,1,1,0,0,0,0,0,0,0,0,0,0,0,0,13,1,0,FALSE
D:\BilalModel\bilal\OOP\Ijaz\Intra\Android\app\src\androidTest\java\app\intra\ui\settings\AppInfoTest.java,app.intra.ui.settings.AppInfoTest,verifyParcelSerializationRoundtrip/1[app.intra.ui.settings.AppInfo],FALSE,39,3,3,1,2,1,9,12,0,4,1,9,0,0,0,0,0,0,0,4,4,0,0,0,0,0,13,2,0,FALSE
D:\BilalModel\bilal\OOP\Ijaz\Intra\Android\app\src\main\java\app\intra\net\dns\DnsPacket.java,app.intra.net.dns.DnsPacket,"getBits/3[byte,int,int]",FALSE,126,0,2,2,0,1,0,4,1,1,3,0,0,0,0,0,0,3,0,2,1,3,0,0,0,0,6,10,0,FALSE
D:\BilalModel\bilal\OOP\Ijaz\Intra\Android\app\src\main\java\app\intra\net\dns\DnsPacket.java,app.intra.net.dns.DnsPacket,isNormalQuery/0,FALSE,187,0,4,4,0,5,0,3,1,0,0,0,0,0,0,3,0,0,0,4,0,0,0,0,0,0,5,1,0,FALSE
D:\BilalModel\bilal\OOP\Ijaz\Intra\Android\app\src\main\java\app\intra\net\dns\DnsPacket.java,app.intra.net.dns.DnsPacket,getId/0,FALSE,183,0,4,4,0,1,0,3,1,0,0,0,0,0,0,0,0,0,0,0,0,0,0,0,0,0,3,1,0,FALSE
D:\BilalModel\bilal\OOP\Ijaz\Intra\Android\app\src\main\java\app\intra\net\dns\DnsPacket.java,app.intra.net.dns.DnsPacket,"readRecords/2[java.nio.ByteBuffer,short]",FALSE,107,3,3,1,2,2,4,14,1,3,2,4,1,2,1,0,0,0,0,1,9,0,1,0,0,0,14,10,0,FALSE
D:\BilalModel\bilal\OOP\Ijaz\Intra\Android\app\src\main\java\app\intra\net\dns\DnsPacket.java,app.intra.net.dns.DnsPacket,"getBit/2[byte,int]",FALSE,122,0,1,1,0,2,0,3,1,0,2,0,0,0,0,1,0,2,0,2,0,1,0,0,0,0,4,10,0,FALSE
D:\BilalModel\bilal\OOP\Ijaz\Intra\Android\app\src\main\java\app\intra\net\dns\DnsPacket.java,app.intra.net.dns.DnsPacket,isResponse/0,FALSE,191,0,4,4,0,1,0,3,1,0,0,0,0,0,0,0,0,0,0,0,0,0,0,0,0,0,3,1,0,FALSE
D:\BilalModel\bilal\OOP\Ijaz\Intra\Android\app\src\main\java\app\intra\net\dns\DnsPacket.java,app.intra.net.dns.DnsPacket,getQueryName/0,FALSE,195,0,5,5,0,2,0,6,2,0,0,0,0,0,0,0,0,0,0,2,0,0,1,0,0,0,4,1,0,FALSE
D:\BilalModel\bilal\OOP\Ijaz\Intra\Android\app\src\main\java\app\intra\net\dns\DnsPacket.java,app.intra.net.dns.DnsPacket,readName/1[java.nio.ByteBuffer],FALSE,68,2,5,3,2,5,9,29,1,14,1,9,2,1,1,0,0,2,2,9,15,3,2,0,0,0,38,10,0,FALSE
D:\BilalModel\bilal\OOP\Ijaz\Intra\Android\app\src\main\java\app\intra\net\dns\DnsPacket.java,app.intra.net.dns.DnsPacket,getQueryType/0,FALSE,202,0,5,5,0,2,0,6,2,0,0,0,0,0,0,0,0,0,0,3,0,0,1,0,0,0,3,1,0,FALSE
D:\BilalModel\bilal\OOP\Ijaz\Intra\Android\app\src\main\java\app\intra\net\dns\DnsPacket.java,app.intra.net.dns.DnsPacket,DnsPacket/1[byte[]],TRUE,131,3,14,9,5,3,8,47,0,20,1,8,4,3,1,0,1,0,1,12,38,0,2,0,0,0,54,1,0,FALSE
D:\BilalModel\bilal\OOP\Ijaz\Intra\Android\app\src\main\java\app\intra\net\dns\DnsPacket.java,app.intra.net.dns.DnsPacket,getResponseAddresses/0,FALSE,209,1,5,5,0,6,2,15,1,1,0,2,0,0,2,2,1,0,0,0,1,0,4,0,0,0,18,1,0,FALSE
D:\BilalModel\bilal\OOP\Ijaz\Intra\Android\app\src\main\java\app\intra\ui\RecyclerAdapter.java,app.intra.ui.RecyclerAdapter$ControlViewHolder,ControlViewHolder/1[app.intra.ui.View],TRUE,100,1,1,1,0,1,0,4,0,0,1,0,0,0,0,0,0,0,0,0,1,0,0,0,0,0,5,0,0,FALSE
D:\BilalModel\bilal\OOP\Ijaz\Intra\Android\app\src\main\java\app\intra\net\doh\Race.java,app.intra.net.doh.Race$Collector,"onCompleted/2[int,boolean]",FALSE,65,1,2,1,1,4,1,14,0,0,2,1,0,0,0,1,0,0,0,1,1,0,2,0,0,0,10,32,0,FALSE
D:\BilalModel\bilal\OOP\Ijaz\Intra\Android\app\src\main\java\app\intra\net\doh\Race.java,app.intra.net.doh.Race$Collector,"Collector/2[int,app.intra.net.doh.Race.Listener]",TRUE,60,1,1,1,0,1,0,4,0,0,2,0,0,0,0,0,0,0,0,0,2,0,0,0,0,0,4,0,0,FALSE
D:\BilalModel\bilal\OOP\Ijaz\Intra\Android\app\src\main\java\app\intra\ui\settings\SettingsFragment.java,app.intra.ui.settings.SettingsFragment$AppEnumerationTask,doInBackground/1[app.intra.ui.settings.PackageManager[]],FALSE,63,3,1,0,1,4,8,16,1,3,1,8,0,0,1,1,0,0,1,2,3,0,2,0,0,0,14,4,0,FALSE
D:\BilalModel\bilal\OOP\Ijaz\Intra\Android\app\src\main\java\app\intra\ui\settings\AppInfo.java,app.intra.ui.settings.AppInfo,"AppInfo/2[java.lang.String,java.lang.String]",TRUE,33,2,3,3,0,1,0,4,0,0,2,0,0,0,0,0,0,0,0,0,2,0,0,0,0,0,5,0,0,FALSE
D:\BilalModel\bilal\OOP\Ijaz\Intra\Android\app\src\main\java\app\intra\ui\settings\AppInfo.java,app.intra.ui.settings.AppInfo,compareTo/1[app.intra.ui.settings.AppInfo],FALSE,39,2,3,3,0,5,2,15,5,0,1,2,0,0,0,3,0,0,0,2,0,0,2,0,0,0,7,1,0,FALSE
D:\BilalModel\bilal\OOP\Ijaz\Intra\Android\app\src\main\java\app\intra\ui\settings\AppInfo.java,app.intra.ui.settings.AppInfo,describeContents/0,FALSE,54,0,0,0,0,1,0,3,1,0,0,0,0,0,0,0,0,0,0,1,0,0,0,0,0,0,2,1,0,FALSE
D:\BilalModel\bilal\OOP\Ijaz\Intra\Android\app\src\main\java\app\intra\ui\settings\AppInfo.java,app.intra.ui.settings.AppInfo,"writeToParcel/2[app.intra.ui.settings.Parcel,int]",FALSE,59,1,1,1,0,1,1,3,0,0,2,1,0,0,0,0,0,0,0,0,0,0,0,0,0,0,4,1,0,FALSE
D:\BilalModel\bilal\OOP\Ijaz\Intra\Android\app\src\test\java\app\intra\net\doh\RaceTest.java,app.intra.net.doh.RaceTest$FailProber,"probe/2[java.lang.String,app.intra.net.doh.Prober.Callback]",FALSE,52,1,1,0,1,1,2,3,0,0,2,2,0,0,0,0,0,0,0,0,0,0,0,0,0,1,4,1,0,FALSE
D:\BilalModel\bilal\OOP\Ijaz\Intra\Android\app\src\main\java\app\intra\ui\HistoryGraph.java,app.intra.ui.HistoryGraph,receive/1[java.util.Collection<java.lang.Long>],FALSE,103,1,1,0,1,6,5,26,0,9,1,5,1,1,2,0,0,2,0,6,12,8,2,0,0,0,37,1,0,FALSE
D:\BilalModel\bilal\OOP\Ijaz\Intra\Android\app\src\main\java\app\intra\ui\HistoryGraph.java,app.intra.ui.HistoryGraph,onDraw/1[app.intra.ui.Canvas],FALSE,199,2,2,0,2,5,13,41,0,16,1,13,2,1,2,1,0,9,0,19,24,36,2,0,0,0,55,4,0,FALSE
D:\BilalModel\bilal\OOP\Ijaz\Intra\Android\app\src\main\java\app\intra\ui\HistoryGraph.java,app.intra.ui.HistoryGraph,"onSizeChanged/4[int,int,int,int]",FALSE,160,1,1,0,1,1,1,3,0,0,4,1,1,1,0,0,0,0,0,0,0,0,0,0,0,0,8,4,0,FALSE
D:\BilalModel\bilal\OOP\Ijaz\Intra\Android\app\src\main\java\app\intra\ui\HistoryGraph.java,app.intra.ui.HistoryGraph,updateCurve/0,FALSE,141,1,2,1,1,1,1,4,1,0,0,1,0,0,0,0,0,0,0,0,0,0,0,0,0,0,5,2,0,FALSE
D:\BilalModel\bilal\OOP\Ijaz\Intra\Android\app\src\main\java\app\intra\ui\HistoryGraph.java,app.intra.ui.HistoryGraph,setColor/1[int],FALSE,90,1,2,1,1,1,3,5,0,0,1,3,1,1,0,0,0,0,0,0,0,0,0,0,0,0,19,1,0,TRUE
D:\BilalModel\bilal\OOP\Ijaz\Intra\Android\app\src\main\java\app\intra\ui\HistoryGraph.java,app.intra.ui.HistoryGraph,updateMax/0,FALSE,146,0,1,1,0,3,1,10,0,1,0,1,0,0,1,1,0,0,0,3,4,0,1,0,0,0,6,2,0,FALSE
D:\BilalModel\bilal\OOP\Ijaz\Intra\Android\app\src\main\java\app\intra\ui\HistoryGraph.java,app.intra.ui.HistoryGraph,"gaussian/3[float,float,int]",FALSE,97,0,1,1,0,1,1,4,1,1,3,1,0,0,0,0,0,2,0,0,1,4,0,0,0,0,6,10,0,FALSE
D:\BilalModel\bilal\OOP\Ijaz\Intra\Android\app\src\main\java\app\intra\ui\HistoryGraph.java,app.intra.ui.HistoryGraph,updateDataShader/1[int],FALSE,164,1,2,2,0,1,2,4,0,1,1,2,0,0,0,0,0,0,0,4,1,0,0,0,0,0,7,2,0,FALSE
D:\BilalModel\bilal\OOP\Ijaz\Intra\Android\app\src\main\java\app\intra\ui\HistoryGraph.java,app.intra.ui.HistoryGraph,"onMeasure/2[int,int]",FALSE,171,0,0,0,0,5,7,23,0,5,2,7,0,0,0,4,0,1,0,1,8,1,2,0,0,0,17,4,0,FALSE
D:\BilalModel\bilal\OOP\Ijaz\Intra\Android\app\src\main\java\app\intra\ui\HistoryGraph.java,app.intra.ui.HistoryGraph,"HistoryGraph/2[app.intra.ui.Context,app.intra.ui.AttributeSet]",TRUE,70,4,2,0,2,1,7,13,0,1,2,7,0,0,0,0,0,0,0,1,4,0,0,0,0,0,24,1,0,FALSE
D:\BilalModel\bilal\OOP\Ijaz\Intra\Android\app\src\test\java\app\intra\net\doh\RaceTest.java,app.intra.net.doh.RaceTest,HalfFail/0,FALSE,83,3,2,0,2,4,6,16,0,4,0,6,0,0,1,0,0,0,1,6,5,1,1,0,0,1,13,1,0,FALSE
D:\BilalModel\bilal\OOP\Ijaz\Intra\Android\app\src\test\java\app\intra\net\doh\RaceTest.java,app.intra.net.doh.RaceTest,Success/0,FALSE,33,3,2,0,2,4,6,15,0,3,0,6,0,0,0,0,0,0,0,4,3,0,2,0,0,1,11,1,0,FALSE
D:\BilalModel\bilal\OOP\Ijaz\Intra\Android\app\src\test\java\app\intra\net\doh\RaceTest.java,app.intra.net.doh.RaceTest,AllFail/0,FALSE,58,3,2,0,2,2,5,14,0,4,0,5,0,0,1,0,0,0,1,4,5,0,1,0,0,1,12,1,0,FALSE
D:\BilalModel\bilal\OOP\Ijaz\Intra\Android\app\src\main\java\app\intra\ui\Rtl.java,app.intra.ui.Rtl,isRtl/1[app.intra.ui.Fragment],FALSE,30,1,1,1,0,3,3,7,2,1,1,3,0,0,0,1,0,0,0,0,1,0,1,0,0,0,20,8,0,TRUE
D:\BilalModel\bilal\OOP\Ijaz\Intra\Android\app\src\main\java\app\intra\net\go\GoIntraListener.java,app.intra.net.go.GoIntraListener,len/1[byte[]],FALSE,121,1,1,1,0,2,0,3,1,0,1,0,0,0,0,1,0,0,0,1,0,0,0,0,0,0,3,10,0,FALSE
D:\BilalModel\bilal\OOP\Ijaz\Intra\Android\app\src\main\java\app\intra\net\go\GoIntraListener.java,app.intra.net.go.GoIntraListener,GoIntraListener/1[app.intra.sys.IntraVpnService],TRUE,49,2,2,1,1,1,1,4,0,0,1,1,0,0,0,0,0,0,0,0,2,0,0,0,0,0,7,0,0,FALSE
D:\BilalModel\bilal\OOP\Ijaz\Intra\Android\app\src\main\java\app\intra\net\go\GoIntraListener.java,app.intra.net.go.GoIntraListener,(initializer 1),FALSE,93,0,0,0,0,1,1,8,0,0,0,1,0,0,0,0,0,0,0,0,0,0,0,0,0,0,0,8,0,FALSE
D:\BilalModel\bilal\OOP\Ijaz\Intra\Android\app\src\main\java\app\intra\net\go\GoIntraListener.java,app.intra.net.go.GoIntraListener,onTCPSocketClosed/1[app.intra.net.go.TCPSocketSummary],FALSE,55,3,2,0,2,3,12,11,1,2,1,12,0,0,0,2,0,0,0,2,2,0,2,0,0,0,13,1,0,FALSE
D:\BilalModel\bilal\OOP\Ijaz\Intra\Android\app\src\main\java\app\intra\net\go\GoIntraListener.java,app.intra.net.go.GoIntraListener,onQuery/1[java.lang.String],FALSE,115,2,1,0,1,1,1,5,1,1,1,1,0,0,0,0,0,0,0,0,1,0,0,0,0,0,6,1,0,FALSE
D:\BilalModel\bilal\OOP\Ijaz\Intra\Android\app\src\main\java\app\intra\net\go\GoIntraListener.java,app.intra.net.go.GoIntraListener,"onResponse/2[app.intra.net.go.Token,doh.Summary]",FALSE,126,7,4,0,4,4,15,26,1,6,2,15,1,1,0,2,1,2,0,3,11,3,1,0,0,0,21,1,0,FALSE
D:\BilalModel\bilal\OOP\Ijaz\Intra\Android\app\src\main\java\app\intra\net\go\GoIntraListener.java,app.intra.net.go.GoIntraListener,onUDPSocketClosed/1[app.intra.net.go.UDPSocketSummary],FALSE,81,2,1,0,1,2,4,7,1,1,1,4,0,0,0,0,0,0,0,0,1,1,1,0,0,0,20,1,0,FALSE
D:\BilalModel\bilal\OOP\Ijaz\Intra\Android\app\src\main\java\app\intra\net\go\GoIntraListener.java,app.intra.net.go.GoIntraListener$Metric,Metric/1[java.lang.String],TRUE,109,0,1,1,0,1,2,3,0,0,1,2,0,0,0,0,0,0,1,0,1,0,0,0,0,0,3,0,0,FALSE
D:\BilalModel\bilal\OOP\Ijaz\Intra\Android\app\src\main\java\app\intra\ui\MainActivity.java,app.intra.ui.MainActivity,getLinkProperties/0,FALSE,497,3,2,2,0,3,3,11,3,2,0,3,0,0,0,1,0,0,0,0,2,0,1,0,0,0,22,2,0,FALSE
D:\BilalModel\bilal\OOP\Ijaz\Intra\Android\app\src\main\java\app\intra\ui\MainActivity.java,app.intra.ui.MainActivity,openUrl/1[java.lang.String],FALSE,145,1,1,1,0,1,3,5,0,1,1,3,0,0,0,0,0,0,0,0,1,0,0,0,0,0,7,2,0,FALSE
D:\BilalModel\bilal\OOP\Ijaz\Intra\Android\app\src\main\java\app\intra\ui\MainActivity.java,app.intra.ui.MainActivity,updateServerName/0,FALSE,354,2,3,2,1,2,3,7,1,1,0,3,0,0,0,1,0,0,0,0,1,0,1,0,0,0,8,2,0,FALSE
D:\BilalModel\bilal\OOP\Ijaz\Intra\Android\app\src\main\java\app\intra\ui\MainActivity.java,app.intra.ui.MainActivity,onDestroy/0,FALSE,426,0,0,0,0,1,5,5,0,0,0,5,0,0,0,0,0,0,0,0,0,0,0,0,0,0,4,4,0,FALSE
D:\BilalModel\bilal\OOP\Ijaz\Intra\Android\app\src\main\java\app\intra\ui\MainActivity.java,app.intra.ui.MainActivity,getIntroApproval/0,FALSE,881,1,3,1,2,2,3,5,0,0,0,3,0,0,0,0,0,0,1,0,0,0,1,0,0,0,7,2,0,FALSE
D:\BilalModel\bilal\OOP\Ijaz\Intra\Android\app\src\main\java\app\intra\ui\MainActivity.java,app.intra.ui.MainActivity,syncDnsStatus/0,FALSE,606,11,11,4,7,22,18,102,1,22,0,18,4,3,0,12,0,0,0,0,42,0,2,0,0,0,49,2,0,FALSE
D:\BilalModel\bilal\OOP\Ijaz\Intra\Android\app\src\main\java\app\intra\ui\MainActivity.java,app.intra.ui.MainActivity,stopDnsVpnService/0,FALSE,447,1,4,2,2,1,2,3,0,0,0,2,0,0,0,0,0,0,0,0,0,0,0,0,0,0,4,2,0,FALSE
D:\BilalModel\bilal\OOP\Ijaz\Intra\Android\app\src\main\java\app\intra\ui\MainActivity.java,app.intra.ui.MainActivity,onResume/0,FALSE,411,1,2,0,2,1,3,5,0,0,0,3,2,4,0,0,0,0,0,0,0,0,0,0,0,0,7,4,0,FALSE
D:\BilalModel\bilal\OOP\Ijaz\Intra\Android\app\src\main\java\app\intra\ui\MainActivity.java,app.intra.ui.MainActivity,showNumRequests/1[long],FALSE,137,1,2,2,0,2,4,7,1,1,1,4,0,0,0,1,0,0,1,0,1,0,1,0,0,0,8,2,0,FALSE
D:\BilalModel\bilal\OOP\Ijaz\Intra\Android\app\src\main\java\app\intra\ui\MainActivity.java,app.intra.ui.MainActivity,hasVpnService/0,FALSE,474,1,1,1,0,2,0,3,1,0,0,0,0,0,0,0,0,0,1,0,0,0,0,0,0,0,3,2,0,FALSE
D:\BilalModel\bilal\OOP\Ijaz\Intra\Android\app\src\main\java\app\intra\ui\MainActivity.java,app.intra.ui.MainActivity,onAttachedToWindow/0,FALSE,257,1,1,0,1,1,1,3,0,0,0,1,1,1,0,0,0,0,0,0,0,0,0,0,0,0,7,1,0,FALSE
D:\BilalModel\bilal\OOP\Ijaz\Intra\Android\app\src\main\java\app\intra\ui\MainActivity.java,app.intra.ui.MainActivity,"setInfoClicker/2[int,app.intra.ui.MainActivity.InfoPage]",FALSE,350,2,2,2,0,1,3,3,0,1,2,3,0,0,0,0,0,0,0,0,0,0,0,0,0,1,8,2,0,FALSE
D:\BilalModel\bilal\OOP\Ijaz\Intra\Android\app\src\main\java\app\intra\ui\MainActivity.java,app.intra.ui.MainActivity,"onActivityResult/3[int,int,app.intra.ui.Intent]",FALSE,594,2,2,0,2,3,3,11,0,0,3,3,2,1,0,2,0,0,0,0,0,0,2,0,0,0,27,1,0,FALSE
D:\BilalModel\bilal\OOP\Ijaz\Intra\Android\app\src\main\java\app\intra\ui\MainActivity.java,app.intra.ui.MainActivity,showSettings/0,FALSE,740,1,3,1,2,1,7,5,0,0,0,7,0,0,0,0,0,0,0,0,1,0,0,0,0,0,9,2,0,FALSE
D:\BilalModel\bilal\OOP\Ijaz\Intra\Android\app\src\main\java\app\intra\ui\MainActivity.java,app.intra.ui.MainActivity,onCreate/1[app.intra.ui.Bundle],FALSE,159,13,7,0,7,1,27,63,0,4,1,27,3,7,0,0,0,0,0,0,8,0,0,2,0,0,52,4,0,FALSE
D:\BilalModel\bilal\OOP\Ijaz\Intra\Android\app\src\main\java\app\intra\ui\MainActivity.java,app.intra.ui.MainActivity,stopAnimation/0,FALSE,396,0,1,1,0,2,1,6,0,0,0,1,0,0,0,1,0,0,0,0,1,0,1,0,0,0,5,2,0,FALSE
D:\BilalModel\bilal\OOP\Ijaz\Intra\Android\app\src\main\java\app\intra\ui\MainActivity.java,app.intra.ui.MainActivity,prepareVpnService/0,FALSE,478,3,3,1,2,3,5,17,3,1,0,5,1,4,0,1,1,0,1,0,2,0,1,0,0,0,24,2,0,FALSE
D:\BilalModel\bilal\OOP\Ijaz\Intra\Android\app\src\main\java\app\intra\ui\MainActivity.java,app.intra.ui.MainActivity,showTransaction/1[app.intra.net.doh.Transaction],FALSE,131,3,3,1,2,2,2,5,0,0,1,2,1,1,0,0,0,0,0,0,0,0,1,0,0,0,6,2,0,FALSE
D:\BilalModel\bilal\OOP\Ijaz\Intra\Android\app\src\main\java\app\intra\ui\MainActivity.java,app.intra.ui.MainActivity,startAnimation/0,FALSE,367,4,5,2,3,3,4,25,1,5,0,4,0,0,0,2,0,0,0,2,6,0,1,2,0,0,23,2,0,FALSE
D:\BilalModel\bilal\OOP\Ijaz\Intra\Android\app\src\main\java\app\intra\ui\MainActivity.java,app.intra.ui.MainActivity,showInfo/1[app.intra.ui.MainActivity.InfoPage],FALSE,851,6,1,0,1,2,9,13,0,6,1,9,1,2,0,0,0,0,0,0,6,0,0,0,0,0,18,2,0,FALSE
D:\BilalModel\bilal\OOP\Ijaz\Intra\Android\app\src\main\java\app\intra\ui\MainActivity.java,app.intra.ui.MainActivity,getPrivateDnsMode/0,FALSE,539,3,2,1,1,5,3,16,5,1,0,3,1,1,0,2,0,0,0,0,1,0,1,0,0,0,8,2,0,FALSE
D:\BilalModel\bilal\OOP\Ijaz\Intra\Android\app\src\main\java\app\intra\ui\MainActivity.java,app.intra.ui.MainActivity,isShowingHomeView/0,FALSE,735,1,1,1,0,2,2,4,1,1,0,2,0,0,0,1,0,0,0,0,1,0,0,0,0,0,8,2,0,FALSE
D:\BilalModel\bilal\OOP\Ijaz\Intra\Android\app\src\main\java\app\intra\ui\MainActivity.java,app.intra.ui.MainActivity,startDnsVpnService/0,FALSE,443,1,4,2,2,1,2,3,0,0,0,2,0,0,0,0,0,0,0,0,0,0,0,0,0,0,4,2,0,FALSE
D:\BilalModel\bilal\OOP\Ijaz\Intra\Android\app\src\main\java\app\intra\ui\MainActivity.java,app.intra.ui.MainActivity,onPause/0,FALSE,420,1,1,0,1,1,2,4,0,0,0,2,1,1,0,0,0,0,0,0,0,0,0,0,0,0,4,4,0,FALSE
D:\BilalModel\bilal\OOP\Ijaz\Intra\Android\app\src\main\java\app\intra\ui\MainActivity.java,app.intra.ui.MainActivity,onPostCreate/1[app.intra.ui.Bundle],FALSE,404,1,0,0,0,1,2,4,0,0,1,2,0,0,0,0,0,0,0,0,0,0,0,0,0,0,7,4,0,FALSE
D:\BilalModel\bilal\OOP\Ijaz\Intra\Android\app\src\main\java\app\intra\ui\MainActivity.java,app.intra.ui.MainActivity,getHistory/0,FALSE,451,2,3,1,2,1,3,4,1,1,0,3,0,0,0,0,0,0,0,0,1,0,0,0,0,0,5,2,0,FALSE
D:\BilalModel\bilal\OOP\Ijaz\Intra\Android\app\src\main\java\app\intra\ui\MainActivity.java,app.intra.ui.MainActivity,maybeAutostart/0,FALSE,434,4,5,1,4,3,4,8,0,2,0,4,1,6,0,0,0,0,1,0,2,0,1,0,0,0,11,2,0,FALSE
D:\BilalModel\bilal\OOP\Ijaz\Intra\Android\app\src\main\java\app\intra\ui\MainActivity.java,app.intra.ui.MainActivity,getSystemDnsServer/0,FALSE,511,2,2,1,1,6,4,19,5,2,0,4,1,1,1,2,0,0,0,0,2,0,2,0,0,0,13,2,0,FALSE
D:\BilalModel\bilal\OOP\Ijaz\Intra\Android\app\src\main\java\app\intra\ui\MainActivity.java,app.intra.ui.MainActivity,onBackPressed/0,FALSE,726,1,2,0,2,2,3,7,1,0,0,3,2,2,0,0,0,0,0,0,0,0,1,0,0,0,8,1,0,FALSE
D:\BilalModel\bilal\OOP\Ijaz\Intra\Android\app\src\main\java\app\intra\ui\MainActivity.java,app.intra.ui.MainActivity,prepareAndStartDnsVpn/0,FALSE,461,2,6,2,4,3,4,10,0,0,0,4,3,5,0,0,0,0,1,0,0,0,2,0,0,0,16,2,0,FALSE
D:\BilalModel\bilal\OOP\Ijaz\Intra\Android\app\src\main\java\app\intra\ui\MainActivity.java,app.intra.ui.MainActivity,chooseView/1[int],FALSE,750,4,5,4,1,4,8,31,1,6,1,8,1,1,0,1,0,0,0,0,6,0,1,0,0,0,22,2,0,FALSE
D:\BilalModel\bilal\OOP\Ijaz\Intra\Android\app\src\main\java\app\intra\ui\MainActivity.java,app.intra.ui.MainActivity,getNumRequests/0,FALSE,456,1,3,1,2,1,3,4,1,1,0,3,0,0,0,0,0,0,0,0,1,0,0,0,0,0,6,2,0,FALSE
D:\BilalModel\bilal\OOP\Ijaz\Intra\Android\app\src\main\java\app\intra\ui\MainActivity.java,app.intra.ui.MainActivity,isAnotherVpnActive/0,FALSE,561,4,2,1,1,11,11,28,5,6,0,11,0,0,1,3,1,1,3,0,6,0,3,0,0,0,35,2,0,FALSE
D:\BilalModel\bilal\OOP\Ijaz\Intra\Android\app\src\main\java\app\intra\ui\MainActivity.java,app.intra.ui.MainActivity,"updateStatsDisplay/2[long,app.intra.net.doh.Transaction]",FALSE,126,2,3,1,2,1,2,4,0,0,2,2,2,2,0,0,0,0,0,0,0,0,0,0,0,0,9,2,0,FALSE
D:\BilalModel\bilal\OOP\Ijaz\Intra\Android\app\src\main\java\app\intra\ui\MainActivity.java,app.intra.ui.MainActivity,getControlView/1[app.intra.ui.ViewGroup],FALSE,262,11,10,1,9,3,31,62,2,6,1,31,6,4,0,1,0,0,1,1,7,0,3,2,0,3,57,1,0,FALSE
D:\BilalModel\bilal\OOP\Ijaz\Intra\Android\app\src\main\java\app\intra\ui\MainActivity.java,app.intra.ui.MainActivity,"prepareHyperlinks/2[app.intra.ui.Activity,app.intra.ui.View]",FALSE,870,4,1,1,0,2,3,7,0,2,2,3,0,0,1,0,0,0,0,0,2,0,1,0,0,0,11,10,0,FALSE
D:\BilalModel\bilal\OOP\Ijaz\Intra\Android\app\src\main\java\app\intra\ui\MainActivity.java,app.intra.ui.MainActivity,"onSharedPreferenceChanged/2[app.intra.ui.SharedPreferences,java.lang.String]",FALSE,152,2,1,0,1,2,2,5,0,0,2,2,1,1,0,0,0,0,0,0,0,0,1,0,0,0,9,1,0,FALSE
D:\BilalModel\bilal\OOP\Ijaz\Intra\Android\app\src\main\java\app\intra\ui\MainActivity.java,app.intra.ui.MainActivity,isHistoryEnabled/0,FALSE,363,1,4,2,2,1,3,3,1,0,0,3,0,0,0,0,0,0,0,0,0,0,0,0,0,0,3,2,0,FALSE
D:\BilalModel\bilal\OOP\Ijaz\Intra\Android\app\src\main\java\app\intra\sys\AutoStarter.java,app.intra.sys.AutoStarter,"onReceive/2[app.intra.sys.Context,app.intra.sys.Intent]",FALSE,34,7,4,0,4,5,11,19,2,4,2,11,0,0,0,1,0,0,3,0,3,0,2,0,0,1,17,1,0,FALSE
D:\BilalModel\bilal\OOP\Ijaz\Intra\Android\app\src\main\java\app\intra\net\go\GoVpnAdapter.java,app.intra.net.go.GoVpnAdapter$LanIp,LanIp/1[int],TRUE,72,0,0,0,0,1,0,3,0,0,1,0,0,0,0,0,0,0,0,0,1,0,0,0,0,0,3,0,0,FALSE
D:\BilalModel\bilal\OOP\Ijaz\Intra\Android\app\src\main\java\app\intra\net\go\GoVpnAdapter.java,app.intra.net.go.GoVpnAdapter$LanIp,make/1[java.lang.String],FALSE,76,0,1,1,0,1,1,3,1,0,1,1,0,0,0,0,0,0,0,0,0,0,0,0,0,0,2,0,0,FALSE
D:\BilalModel\bilal\OOP\Ijaz\Intra\Android\app\src\main\java\app\intra\ui\MainActivity.java,app.intra.ui.MainActivity$InfoPage,"InfoPage/5[boolean,int,int,int,int]",TRUE,842,0,0,0,0,1,0,7,0,0,5,0,0,0,0,0,0,0,0,0,5,0,0,0,0,0,7,0,0,FALSE
D:\BilalModel\bilal\OOP\Ijaz\Intra\Android\app\src\main\java\app\intra\ui\settings\ServerApprovalDialogFragment.java,app.intra.ui.settings.ServerApprovalDialogFragment,ServerApprovalDialogFragment/0,TRUE,56,0,0,0,0,1,0,3,0,0,0,0,0,0,0,0,0,0,0,0,0,0,0,0,0,0,25,1,0,TRUE
D:\BilalModel\bilal\OOP\Ijaz\Intra\Android\app\src\main\java\app\intra\ui\settings\ServerApprovalDialogFragment.java,app.intra.ui.settings.ServerApprovalDialogFragment,setShowWebsite/1[boolean],FALSE,100,2,2,1,1,1,3,5,0,1,1,3,1,1,0,0,0,0,0,0,1,0,0,0,0,0,9,2,0,FALSE
D:\BilalModel\bilal\OOP\Ijaz\Intra\Android\app\src\main\java\app\intra\ui\settings\ServerApprovalDialogFragment.java,app.intra.ui.settings.ServerApprovalDialogFragment,getIndex/0,FALSE,96,1,3,2,1,1,2,3,1,0,0,2,1,1,0,0,0,0,0,0,0,0,0,0,0,0,11,2,0,FALSE
D:\BilalModel\bilal\OOP\Ijaz\Intra\Android\app\src\main\java\app\intra\ui\settings\ServerApprovalDialogFragment.java,app.intra.ui.settings.ServerApprovalDialogFragment,makeNoticeText/0,FALSE,123,6,1,1,0,2,9,12,1,4,0,9,0,0,1,0,0,0,0,1,4,0,1,0,0,0,21,2,0,FALSE
D:\BilalModel\bilal\OOP\Ijaz\Intra\Android\app\src\main\java\app\intra\ui\settings\ServerApprovalDialogFragment.java,app.intra.ui.settings.ServerApprovalDialogFragment,getArgs/0,FALSE,82,1,4,4,0,2,1,7,2,1,0,1,0,0,0,1,0,0,0,0,1,0,1,0,0,0,6,2,0,FALSE
D:\BilalModel\bilal\OOP\Ijaz\Intra\Android\app\src\main\java\app\intra\ui\settings\ServerApprovalDialogFragment.java,app.intra.ui.settings.ServerApprovalDialogFragment,ServerApprovalDialogFragment/1[int],TRUE,65,1,1,0,1,1,1,4,0,0,1,1,1,2,0,0,0,0,0,0,0,0,0,0,0,0,28,1,0,TRUE
D:\BilalModel\bilal\OOP\Ijaz\Intra\Android\app\src\main\java\app\intra\ui\settings\ServerApprovalDialogFragment.java,app.intra.ui.settings.ServerApprovalDialogFragment,"ServerApprovalDialogFragment/2[int,boolean]",TRUE,76,1,2,0,2,1,2,5,0,0,2,2,2,3,0,0,0,0,0,0,0,0,0,0,0,0,35,2,0,TRUE
D:\BilalModel\bilal\OOP\Ijaz\Intra\Android\app\src\main\java\app\intra\ui\settings\ServerApprovalDialogFragment.java,app.intra.ui.settings.ServerApprovalDialogFragment,onCancel/1[app.intra.ui.settings.DialogInterface],FALSE,176,3,2,0,2,1,4,3,0,0,1,4,1,3,0,0,0,0,0,0,0,0,0,0,0,0,10,1,0,FALSE
D:\BilalModel\bilal\OOP\Ijaz\Intra\Android\app\src\main\java\app\intra\ui\settings\ServerApprovalDialogFragment.java,app.intra.ui.settings.ServerApprovalDialogFragment,getHostForAnalytics/0,FALSE,138,2,4,2,2,1,5,5,1,2,0,5,1,2,0,0,0,0,0,0,2,0,0,0,0,0,9,2,0,FALSE
D:\BilalModel\bilal\OOP\Ijaz\Intra\Android\app\src\main\java\app\intra\ui\settings\ServerApprovalDialogFragment.java,app.intra.ui.settings.ServerApprovalDialogFragment,onCreateDialog/1[app.intra.ui.settings.Bundle],FALSE,145,9,6,0,6,3,26,23,1,10,1,26,5,4,0,0,0,0,1,0,8,0,2,0,0,3,38,1,0,FALSE
D:\BilalModel\bilal\OOP\Ijaz\Intra\Android\app\src\main\java\app\intra\ui\settings\ServerApprovalDialogFragment.java,app.intra.ui.settings.ServerApprovalDialogFragment,setIndex/1[int],FALSE,90,2,3,2,1,1,3,5,0,1,1,3,1,1,0,0,0,0,0,0,1,0,0,0,0,0,8,2,0,FALSE
D:\BilalModel\bilal\OOP\Ijaz\Intra\Android\app\src\main\java\app\intra\ui\settings\ServerApprovalDialogFragment.java,app.intra.ui.settings.ServerApprovalDialogFragment,makeWebView/1[int],FALSE,111,5,1,1,0,1,8,9,1,2,1,8,0,0,0,0,0,0,1,0,2,0,0,0,0,0,13,2,0,FALSE
D:\BilalModel\bilal\OOP\Ijaz\Intra\Android\app\src\main\java\app\intra\ui\settings\ServerApprovalDialogFragment.java,app.intra.ui.settings.ServerApprovalDialogFragment,getShowWebsite/0,FALSE,106,1,2,1,1,1,2,3,1,0,0,2,1,1,0,0,0,0,0,0,0,0,0,0,0,0,15,2,0,FALSE
D:\BilalModel\bilal\OOP\Ijaz\Intra\Android\app\src\main\java\app\intra\net\doh\Transaction.java,app.intra.net.doh.Transaction,"Transaction/2[app.intra.net.dns.DnsPacket,long]",TRUE,36,1,3,1,2,1,2,5,0,0,2,2,0,0,0,0,0,0,0,0,3,0,0,0,0,0,4,1,0,FALSE
D:\BilalModel\bilal\OOP\Ijaz\Intra\Android\app\src\main\java\app\intra\sys\firebase\LogWrapper.java,app.intra.sys.firebase.LogWrapper,"log/3[int,java.lang.String,java.lang.String]",FALSE,40,0,16,16,0,3,3,11,1,0,3,3,0,0,0,0,1,0,1,0,0,1,1,0,0,0,7,9,0,FALSE
D:\BilalModel\bilal\OOP\Ijaz\Intra\Android\app\src\main\java\app\intra\sys\firebase\LogWrapper.java,app.intra.sys.firebase.LogWrapper,logException/1[java.lang.Throwable],FALSE,28,0,16,16,0,3,3,11,1,0,1,3,0,0,0,0,1,0,2,0,0,0,1,0,0,0,7,9,0,FALSE
D:\BilalModel\bilal\OOP\Ijaz\Intra\Android\app\src\main\java\app\intra\sys\firebase\RemoteConfig.java,app.intra.sys.firebase.RemoteConfig,getExtraIPs/1[java.lang.String],FALSE,48,2,3,1,2,2,4,9,2,0,1,4,1,1,0,0,1,0,1,0,0,0,1,0,0,0,11,9,0,FALSE
D:\BilalModel\bilal\OOP\Ijaz\Intra\Android\app\src\main\java\app\intra\sys\firebase\RemoteConfig.java,app.intra.sys.firebase.RemoteConfig,update/0,FALSE,30,3,3,2,1,2,4,10,2,1,0,4,0,0,0,0,1,0,0,0,1,0,1,0,0,0,10,9,0,FALSE
D:\BilalModel\bilal\OOP\Ijaz\Intra\Android\app\src\main\java\app\intra\sys\firebase\RemoteConfig.java,app.intra.sys.firebase.RemoteConfig,getExtraIPKey/1[java.lang.String],FALSE,40,0,2,2,0,1,2,3,1,0,1,2,0,0,0,0,0,0,3,0,0,1,0,0,0,0,6,8,0,FALSE
D:\BilalModel\bilal\OOP\Ijaz\Intra\Android\app\src\main\java\app\intra\sys\firebase\RemoteConfig.java,app.intra.sys.firebase.RemoteConfig,getChoirEnabled/0,FALSE,57,1,2,1,1,2,3,9,2,0,0,3,0,0,0,0,1,0,1,0,0,0,1,0,0,0,8,9,0,FALSE
D:\BilalModel\bilal\OOP\Ijaz\Intra\Android\app\src\main\java\app\intra\sys\VpnState.java,app.intra.sys.VpnState,"VpnState/3[boolean,boolean,app.intra.sys.IntraVpnService.State]",TRUE,30,1,1,1,0,1,0,5,0,0,3,0,0,0,0,0,0,0,0,0,3,0,0,0,0,0,6,0,0,FALSE
D:\BilalModel\bilal\OOP\Ijaz\Intra\Android\app\src\main\java\app\intra\ui\settings\Untemplate.java,app.intra.ui.settings.Untemplate,strip/1[java.lang.String],FALSE,30,0,6,6,0,1,1,3,1,0,1,1,0,0,0,0,0,0,2,0,0,0,0,0,0,0,40,9,0,TRUE
D:\BilalModel\bilal\OOP\Ijaz\Intra\Android\app\src\main\java\app\intra\ui\IntroDialog.java,app.intra.ui.IntroDialog$Page,"newInstance/3[int,int,int]",FALSE,133,4,2,1,1,1,2,9,1,2,3,2,0,0,0,0,0,0,0,1,2,0,0,0,0,0,7,8,0,FALSE
D:\BilalModel\bilal\OOP\Ijaz\Intra\Android\app\src\main\java\app\intra\ui\IntroDialog.java,app.intra.ui.IntroDialog$Page,"onCreateView/3[app.intra.ui.LayoutInflater,app.intra.ui.ViewGroup,app.intra.ui.Bundle]",FALSE,145,6,0,0,0,1,8,11,1,4,3,8,0,0,0,0,0,0,0,0,4,0,0,0,0,0,28,1,0,FALSE
D:\BilalModel\bilal\OOP\Ijaz\Intra\Android\app\src\main\java\app\intra\ui\IntroDialog.java,app.intra.ui.IntroDialog$Adapter,Adapter/1[app.intra.ui.Fragment],TRUE,179,2,2,1,1,2,1,7,0,1,1,1,0,0,1,0,0,0,0,1,3,0,1,0,0,0,5,0,0,FALSE
D:\BilalModel\bilal\OOP\Ijaz\Intra\Android\app\src\main\java\app\intra\ui\IntroDialog.java,app.intra.ui.IntroDialog$Adapter,createFragment/1[int],FALSE,193,2,0,0,0,1,0,3,1,0,1,0,0,0,0,0,0,0,0,0,0,0,0,0,0,0,3,1,0,FALSE
D:\BilalModel\bilal\OOP\Ijaz\Intra\Android\app\src\main\java\app\intra\ui\IntroDialog.java,app.intra.ui.IntroDialog$Adapter,getItemCount/0,FALSE,188,0,0,0,0,1,0,3,1,0,0,0,0,0,0,0,0,0,0,0,0,0,0,0,0,0,3,1,0,FALSE
D:\BilalModel\bilal\OOP\Ijaz\Intra\Android\app\src\main\java\app\intra\ui\settings\SettingsFragment.java,app.intra.ui.settings.SettingsFragment,onDisplayPreferenceDialog/1[app.intra.ui.settings.Preference],FALSE,110,6,2,0,2,4,11,22,0,6,1,11,1,1,1,1,0,0,0,2,8,0,3,0,0,0,21,1,0,FALSE
D:\BilalModel\bilal\OOP\Ijaz\Intra\Android\app\src\main\java\app\intra\ui\settings\SettingsFragment.java,app.intra.ui.settings.SettingsFragment,"onCreatePreferences/2[app.intra.ui.settings.Bundle,java.lang.String]",FALSE,93,2,0,0,0,3,5,11,0,0,2,5,0,0,0,1,0,0,0,0,2,0,1,0,0,0,28,1,0,FALSE
D:\BilalModel\bilal\OOP\Ijaz\Intra\Android\app\src\main\java\app\intra\ui\settings\SettingsFragment.java,app.intra.ui.settings.SettingsFragment,onSaveInstanceState/1[app.intra.ui.settings.Bundle],FALSE,85,3,1,0,1,2,2,6,0,1,1,2,1,1,0,1,0,0,0,0,1,0,1,0,0,0,11,1,0,FALSE
D:\BilalModel\bilal\OOP\Ijaz\Intra\Android\app\src\main\java\app\intra\ui\settings\SettingsFragment.java,app.intra.ui.settings.SettingsFragment,getAppList/0,FALSE,151,3,3,2,1,5,2,16,2,0,0,2,0,0,0,2,1,0,0,0,1,0,2,0,0,0,23,2,0,TRUE
D:\BilalModel\bilal\OOP\Ijaz\Intra\Android\app\src\main\java\app\intra\ui\settings\SettingsFragment.java,app.intra.ui.settings.SettingsFragment,collectInstalledApps/1[app.intra.ui.settings.PackageManager],FALSE,141,3,2,1,1,1,1,4,0,0,1,1,0,0,0,0,0,0,0,0,1,0,0,0,0,0,26,1,0,TRUE
D:\BilalModel\bilal\OOP\Ijaz\Intra\Android\app\src\main\java\app\intra\sys\NetworkManager.java,app.intra.sys.NetworkManager$Anonymous1,"onReceive/2[app.intra.sys.Context,app.intra.sys.Intent]",FALSE,64,3,1,0,1,1,1,3,0,0,2,1,0,0,0,0,0,0,0,0,0,0,0,0,0,0,6,1,0,FALSE
D:\BilalModel\bilal\OOP\Ijaz\Intra\Android\app\src\main\java\app\intra\ui\settings\ServerChooserFragment.java,app.intra.ui.settings.ServerChooserFragment,updateUI/0,FALSE,82,2,9,5,4,3,6,14,0,2,0,6,3,1,0,1,0,0,0,0,2,0,1,0,0,0,12,2,0,FALSE
D:\BilalModel\bilal\OOP\Ijaz\Intra\Android\app\src\main\java\app\intra\ui\settings\ServerChooserFragment.java,app.intra.ui.settings.ServerChooserFragment,getUrl/0,FALSE,73,0,2,2,0,2,4,7,2,1,0,4,0,0,0,1,0,0,0,0,1,0,1,0,0,0,4,2,0,FALSE
D:\BilalModel\bilal\OOP\Ijaz\Intra\Android\app\src\main\java\app\intra\ui\settings\ServerChooserFragment.java,app.intra.ui.settings.ServerChooserFragment,onBindDialogView/1[app.intra.ui.settings.View],FALSE,179,4,4,0,4,2,21,31,0,4,1,21,2,2,0,0,0,0,0,1,13,0,1,0,0,0,32,4,0,FALSE
D:\BilalModel\bilal\OOP\Ijaz\Intra\Android\app\src\main\java\app\intra\ui\settings\ServerChooserFragment.java,app.intra.ui.settings.ServerChooserFragment,onViewStateRestored/1[app.intra.ui.settings.Bundle],FALSE,228,2,1,0,1,1,2,4,0,0,1,2,1,2,0,0,0,0,0,0,0,0,0,0,0,0,10,1,0,FALSE
D:\BilalModel\bilal\OOP\Ijaz\Intra\Android\app\src\main\java\app\intra\ui\settings\ServerChooserFragment.java,app.intra.ui.settings.ServerChooserFragment,"onTextChanged/4[java.lang.CharSequence,int,int,int]",FALSE,106,0,0,0,0,1,0,2,0,0,4,0,0,0,0,0,0,0,0,0,0,0,0,0,0,0,6,1,0,FALSE
D:\BilalModel\bilal\OOP\Ijaz\Intra\Android\app\src\main\java\app\intra\ui\settings\ServerChooserFragment.java,app.intra.ui.settings.ServerChooserFragment,"onItemSelected/4[app.intra.ui.settings.AdapterView<?>,app.intra.ui.settings.View,int,long]",FALSE,144,3,1,0,1,1,1,3,0,0,4,1,1,1,0,0,0,0,0,0,0,0,0,0,0,0,7,1,0,FALSE
D:\BilalModel\bilal\OOP\Ijaz\Intra\Android\app\src\main\java\app\intra\ui\settings\ServerChooserFragment.java,app.intra.ui.settings.ServerChooserFragment,onNothingSelected/1[app.intra.ui.settings.AdapterView<?>],FALSE,174,2,1,0,1,1,1,3,0,0,1,1,1,2,0,0,0,0,0,0,0,0,0,0,0,0,8,1,0,FALSE
D:\BilalModel\bilal\OOP\Ijaz\Intra\Android\app\src\main\java\app\intra\ui\settings\ServerChooserFragment.java,app.intra.ui.settings.ServerChooserFragment,newInstance/1[java.lang.String],FALSE,65,2,2,1,1,1,2,7,1,2,1,2,0,0,0,0,0,0,0,1,2,0,0,0,0,0,9,8,0,FALSE
D:\BilalModel\bilal\OOP\Ijaz\Intra\Android\app\src\main\java\app\intra\ui\settings\ServerChooserFragment.java,app.intra.ui.settings.ServerChooserFragment,"onEditorAction/3[app.intra.ui.settings.TextView,int,app.intra.ui.settings.KeyEvent]",FALSE,127,7,2,0,2,3,8,12,2,2,3,8,1,1,0,0,0,1,0,0,2,0,2,0,0,0,16,1,0,FALSE
D:\BilalModel\bilal\OOP\Ijaz\Intra\Android\app\src\main\java\app\intra\ui\settings\ServerChooserFragment.java,app.intra.ui.settings.ServerChooserFragment,onBuiltinServerSelected/1[int],FALSE,148,2,2,2,0,2,12,14,0,5,1,12,0,0,1,0,0,0,0,6,5,0,1,0,0,0,23,2,0,FALSE
D:\BilalModel\bilal\OOP\Ijaz\Intra\Android\app\src\main\java\app\intra\ui\settings\ServerChooserFragment.java,app.intra.ui.settings.ServerChooserFragment,onDialogClosed/1[boolean],FALSE,217,2,2,0,2,2,6,9,0,1,1,6,1,1,0,0,0,0,0,0,1,0,1,0,0,0,12,1,0,FALSE
D:\BilalModel\bilal\OOP\Ijaz\Intra\Android\app\src\main\java\app\intra\ui\settings\ServerChooserFragment.java,app.intra.ui.settings.ServerChooserFragment,setValid/1[boolean],FALSE,233,2,1,1,0,3,4,7,0,1,1,4,0,0,0,0,0,1,0,0,1,0,1,0,0,0,7,2,0,FALSE
D:\BilalModel\bilal\OOP\Ijaz\Intra\Android\app\src\main\java\app\intra\ui\settings\ServerChooserFragment.java,app.intra.ui.settings.ServerChooserFragment,afterTextChanged/1[app.intra.ui.settings.Editable],FALSE,110,2,1,0,1,1,1,3,0,0,1,1,1,2,0,0,0,0,0,0,0,0,0,0,0,0,8,1,0,FALSE
D:\BilalModel\bilal\OOP\Ijaz\Intra\Android\app\src\main\java\app\intra\ui\settings\ServerChooserFragment.java,app.intra.ui.settings.ServerChooserFragment,checkUrl/1[java.lang.String],FALSE,116,0,2,2,0,4,7,9,2,1,1,7,0,0,0,2,1,0,1,0,1,0,1,0,0,0,12,2,0,FALSE
D:\BilalModel\bilal\OOP\Ijaz\Intra\Android\app\src\main\java\app\intra\ui\settings\ServerChooserFragment.java,app.intra.ui.settings.ServerChooserFragment,"beforeTextChanged/4[java.lang.CharSequence,int,int,int]",FALSE,102,0,0,0,0,1,0,2,0,0,4,0,0,0,0,0,0,0,0,0,0,0,0,0,0,0,6,1,0,FALSE
D:\BilalModel\bilal\OOP\Ijaz\Intra\Android\app\src\main\java\app\intra\ui\settings\ServerChooserFragment.java,app.intra.ui.settings.ServerChooserFragment,"onCheckedChanged/2[app.intra.ui.settings.RadioGroup,int]",FALSE,97,2,1,0,1,1,1,3,0,0,2,1,1,2,0,0,0,0,0,0,0,0,0,0,0,0,10,1,0,FALSE
D:\BilalModel\bilal\OOP\Ijaz\Intra\Android\app\src\test\java\app\intra\ui\settings\UntemplateTest.java,app.intra.ui.settings.UntemplateTest,testTemplateWeird/0,FALSE,43,2,1,0,1,1,2,3,0,0,0,2,0,0,0,0,0,0,2,0,0,0,0,0,0,0,8,1,0,FALSE
D:\BilalModel\bilal\OOP\Ijaz\Intra\Android\app\src\test\java\app\intra\ui\settings\UntemplateTest.java,app.intra.ui.settings.UntemplateTest,testTemplateBasic/0,FALSE,36,2,1,0,1,1,2,4,0,0,0,2,0,0,0,0,0,0,4,0,0,0,0,0,0,0,7,1,0,FALSE
D:\BilalModel\bilal\OOP\Ijaz\Intra\Android\app\src\test\java\app\intra\ui\settings\UntemplateTest.java,app.intra.ui.settings.UntemplateTest,testUnmodified/0,FALSE,30,2,1,0,1,1,1,4,0,0,0,1,1,1,0,0,0,0,2,0,0,0,0,0,0,0,4,1,0,FALSE
D:\BilalModel\bilal\OOP\Ijaz\Intra\Android\app\src\test\java\app\intra\ui\settings\UntemplateTest.java,app.intra.ui.settings.UntemplateTest,assertUnmodified/1[java.lang.String],FALSE,25,1,2,1,1,1,2,3,0,0,1,2,0,0,0,0,0,0,0,0,0,0,0,0,0,0,4,2,0,FALSE
D:\BilalModel\bilal\OOP\Ijaz\Intra\Android\app\src\main\java\app\intra\sys\IntraVpnService.java,app.intra.sys.IntraVpnService,startVpnAdapter/0,FALSE,312,4,5,1,4,3,6,15,0,0,0,6,1,1,0,2,0,0,2,0,1,0,3,0,0,0,12,2,0,FALSE
D:\BilalModel\bilal\OOP\Ijaz\Intra\Android\app\src\main\java\app\intra\sys\IntraVpnService.java,app.intra.sys.IntraVpnService,onNetworkConnected/1[app.intra.sys.NetworkInfo],FALSE,444,3,3,0,3,1,3,11,0,0,1,3,1,1,0,0,0,0,2,0,0,0,0,1,0,0,15,1,0,FALSE
D:\BilalModel\bilal\OOP\Ijaz\Intra\Android\app\src\main\java\app\intra\sys\IntraVpnService.java,app.intra.sys.IntraVpnService,isOn/0,FALSE,104,0,1,1,0,2,0,3,1,0,0,0,0,0,0,1,0,0,0,0,0,0,0,0,0,0,5,1,0,FALSE
D:\BilalModel\bilal\OOP\Ijaz\Intra\Android\app\src\main\java\app\intra\sys\IntraVpnService.java,app.intra.sys.IntraVpnService,spawnServerUpdate/0,FALSE,120,0,3,2,1,2,1,12,0,0,0,1,0,0,0,1,0,0,1,0,0,0,2,1,0,0,13,2,0,FALSE
D:\BilalModel\bilal\OOP\Ijaz\Intra\Android\app\src\main\java\app\intra\sys\IntraVpnService.java,app.intra.sys.IntraVpnService,signalStopService/1[boolean],FALSE,256,9,5,2,3,4,24,33,0,8,1,24,2,1,0,0,0,0,1,3,10,0,2,0,0,0,36,1,0,FALSE
D:\BilalModel\bilal\OOP\Ijaz\Intra\Android\app\src\main\java\app\intra\sys\IntraVpnService.java,app.intra.sys.IntraVpnService,syncNumRequests/0,FALSE,428,2,4,2,2,1,2,3,0,0,0,2,1,1,0,0,0,0,0,0,0,0,0,0,0,0,5,2,0,FALSE
D:\BilalModel\bilal\OOP\Ijaz\Intra\Android\app\src\main\java\app\intra\sys\IntraVpnService.java,app.intra.sys.IntraVpnService,startVpn/0,FALSE,216,4,4,1,3,4,4,13,1,0,0,4,1,2,0,3,0,0,1,0,0,0,2,0,0,0,36,2,0,TRUE
D:\BilalModel\bilal\OOP\Ijaz\Intra\Android\app\src\main\java\app\intra\sys\IntraVpnService.java,app.intra.sys.IntraVpnService,onCreate/0,FALSE,247,4,4,0,4,1,4,6,0,0,0,4,1,2,0,0,0,0,1,0,1,0,0,0,0,0,11,1,0,FALSE
D:\BilalModel\bilal\OOP\Ijaz\Intra\Android\app\src\main\java\app\intra\sys\IntraVpnService.java,app.intra.sys.IntraVpnService,getTracker/0,FALSE,424,2,3,2,1,1,1,3,1,0,0,1,0,0,0,0,0,0,0,0,0,0,0,0,0,0,3,2,0,FALSE
D:\BilalModel\bilal\OOP\Ijaz\Intra\Android\app\src\main\java\app\intra\sys\IntraVpnService.java,app.intra.sys.IntraVpnService,newBuilder/0,FALSE,376,4,3,1,2,4,5,17,1,1,0,5,0,0,1,0,1,0,2,0,4,0,3,0,0,0,9,1,0,FALSE
D:\BilalModel\bilal\OOP\Ijaz\Intra\Android\app\src\main\java\app\intra\sys\IntraVpnService.java,app.intra.sys.IntraVpnService,recordTransaction/1[app.intra.net.doh.Transaction],FALSE,398,5,4,1,3,4,9,17,1,1,1,9,1,1,0,2,0,0,0,0,3,0,1,0,0,0,9,1,0,FALSE
D:\BilalModel\bilal\OOP\Ijaz\Intra\Android\app\src\main\java\app\intra\sys\IntraVpnService.java,app.intra.sys.IntraVpnService,restartVpn/0,FALSE,232,3,5,1,4,2,4,13,0,1,0,4,1,1,0,1,0,0,1,0,2,0,2,0,0,0,9,2,0,FALSE
D:\BilalModel\bilal\OOP\Ijaz\Intra\Android\app\src\main\java\app\intra\sys\IntraVpnService.java,app.intra.sys.IntraVpnService,setNetworkConnected/1[boolean],FALSE,432,2,2,2,0,3,3,7,0,1,1,3,0,0,0,0,0,0,0,0,2,0,1,0,0,0,12,2,0,FALSE
D:\BilalModel\bilal\OOP\Ijaz\Intra\Android\app\src\main\java\app\intra\sys\IntraVpnService.java,app.intra.sys.IntraVpnService,makeVpnAdapter/0,FALSE,308,1,3,2,1,1,1,3,1,0,0,1,0,0,0,0,0,0,0,0,0,0,0,0,0,0,4,2,0,FALSE
D:\BilalModel\bilal\OOP\Ijaz\Intra\Android\app\src\main\java\app\intra\sys\IntraVpnService.java,app.intra.sys.IntraVpnService,updateQuickSettingsTile/0,FALSE,337,2,2,2,0,2,1,5,0,0,0,1,0,0,0,0,0,0,0,0,0,0,1,0,0,0,6,2,0,FALSE
D:\BilalModel\bilal\OOP\Ijaz\Intra\Android\app\src\main\java\app\intra\sys\IntraVpnService.java,app.intra.sys.IntraVpnService,getResolvers/0,FALSE,467,1,1,0,1,3,5,10,1,2,0,5,0,0,1,0,0,0,1,0,2,0,2,0,0,0,7,1,0,FALSE
D:\BilalModel\bilal\OOP\Ijaz\Intra\Android\app\src\main\java\app\intra\sys\IntraVpnService.java,app.intra.sys.IntraVpnService,"onStartCommand/3[app.intra.sys.Intent,int,int]",FALSE,135,9,4,0,4,4,22,35,2,7,3,22,2,1,0,1,0,0,1,1,12,0,2,0,0,0,51,1,0,FALSE
D:\BilalModel\bilal\OOP\Ijaz\Intra\Android\app\src\main\java\app\intra\sys\IntraVpnService.java,app.intra.sys.IntraVpnService,onNetworkDisconnected/0,FALSE,460,3,3,0,3,1,3,5,0,0,0,3,1,1,0,0,0,0,1,0,0,0,0,0,0,0,6,1,0,FALSE
D:\BilalModel\bilal\OOP\Ijaz\Intra\Android\app\src\main\java\app\intra\sys\IntraVpnService.java,app.intra.sys.IntraVpnService,"onSharedPreferenceChanged/2[app.intra.sys.SharedPreferences,java.lang.String]",FALSE,109,3,3,0,3,4,4,9,0,0,2,4,2,2,0,1,0,0,0,0,1,0,1,0,0,0,15,1,0,FALSE
D:\BilalModel\bilal\OOP\Ijaz\Intra\Android\app\src\main\java\app\intra\sys\IntraVpnService.java,app.intra.sys.IntraVpnService,stopVpnAdapter/0,FALSE,327,2,3,1,2,2,2,9,0,0,0,2,0,0,0,1,0,0,0,0,1,0,2,0,0,0,6,2,0,FALSE
D:\BilalModel\bilal\OOP\Ijaz\Intra\Android\app\src\main\java\app\intra\sys\IntraVpnService.java,app.intra.sys.IntraVpnService,onDestroy/0,FALSE,345,4,5,0,5,3,8,15,0,0,0,8,2,3,0,2,0,0,1,0,0,0,2,0,0,0,23,1,0,FALSE
D:\BilalModel\bilal\OOP\Ijaz\Intra\Android\app\src\main\java\app\intra\sys\IntraVpnService.java,app.intra.sys.IntraVpnService,onRevoke/0,FALSE,368,2,2,0,2,1,3,5,0,0,0,3,0,0,0,0,0,0,1,0,0,0,0,0,0,0,5,1,0,FALSE
D:\BilalModel\bilal\OOP\Ijaz\Intra\Android\app\src\main\java\app\intra\sys\IntraVpnService.java,app.intra.sys.IntraVpnService,updateServerConnection/0,FALSE,202,2,2,1,1,2,1,7,0,0,0,1,0,0,0,1,0,0,0,0,0,0,2,0,0,0,7,2,0,FALSE
D:\BilalModel\bilal\OOP\Ijaz\Intra\Android\app\src\main\java\app\intra\sys\IntraVpnService.java,app.intra.sys.IntraVpnService$Anonymous2,run/0,FALSE,451,1,3,0,3,1,2,4,0,0,0,2,0,0,0,0,0,0,0,0,0,0,0,0,0,0,6,1,0,FALSE
D:\BilalModel\bilal\OOP\Ijaz\Intra\Android\app\src\main\java\app\intra\net\doh\Prober.java,app.intra.net.doh.Prober$Callback,onCompleted/1[boolean],FALSE,39,0,4,4,0,1,0,1,0,0,1,0,0,0,0,0,0,0,0,0,0,0,0,0,0,0,3,0,0,FALSE
D:\BilalModel\bilal\OOP\Ijaz\Intra\Android\app\src\main\java\app\intra\ui\settings\ServerChooser.java,app.intra.ui.settings.ServerChooser,ServerChooser/1[app.intra.ui.settings.Context],TRUE,40,3,1,0,1,1,1,4,0,0,1,1,1,1,0,0,0,0,0,0,0,0,0,0,0,0,5,1,0,FALSE
D:\BilalModel\bilal\OOP\Ijaz\Intra\Android\app\src\main\java\app\intra\ui\settings\ServerChooser.java,app.intra.ui.settings.ServerChooser,"ServerChooser/4[app.intra.ui.settings.Context,app.intra.ui.settings.AttributeSet,int,int]",TRUE,56,4,1,0,1,1,1,4,0,0,4,1,1,1,0,0,0,0,0,0,0,0,0,0,0,0,8,1,0,FALSE
D:\BilalModel\bilal\OOP\Ijaz\Intra\Android\app\src\main\java\app\intra\ui\settings\ServerChooser.java,app.intra.ui.settings.ServerChooser,setUrl/1[java.lang.String],FALSE,87,1,3,2,1,1,2,5,0,0,1,2,1,1,0,0,0,0,0,0,1,0,0,0,0,0,7,1,0,FALSE
D:\BilalModel\bilal\OOP\Ijaz\Intra\Android\app\src\main\java\app\intra\ui\settings\ServerChooser.java,app.intra.ui.settings.ServerChooser,"ServerChooser/2[app.intra.ui.settings.Context,app.intra.ui.settings.AttributeSet]",TRUE,45,3,1,0,1,1,1,4,0,0,2,1,1,1,0,0,0,0,0,0,0,0,0,0,0,0,6,1,0,FALSE
D:\BilalModel\bilal\OOP\Ijaz\Intra\Android\app\src\main\java\app\intra\ui\settings\ServerChooser.java,app.intra.ui.settings.ServerChooser,initialize/1[app.intra.ui.settings.Context],FALSE,61,1,4,4,0,1,6,7,0,0,1,6,0,0,0,0,0,0,0,0,1,0,0,0,0,0,15,2,0,FALSE
D:\BilalModel\bilal\OOP\Ijaz\Intra\Android\app\src\main\java\app\intra\ui\settings\ServerChooser.java,app.intra.ui.settings.ServerChooser,onSetInitialValue/1[java.lang.Object],FALSE,73,1,1,0,1,2,2,4,0,1,1,2,1,2,0,1,0,0,0,0,1,0,0,0,0,0,14,4,0,FALSE
D:\BilalModel\bilal\OOP\Ijaz\Intra\Android\app\src\main\java\app\intra\ui\settings\ServerChooser.java,app.intra.ui.settings.ServerChooser,getUrl/0,FALSE,83,0,1,1,0,1,0,3,1,0,0,0,0,0,0,0,0,0,0,0,0,0,0,0,0,0,3,1,0,FALSE
D:\BilalModel\bilal\OOP\Ijaz\Intra\Android\app\src\main\java\app\intra\ui\settings\ServerChooser.java,app.intra.ui.settings.ServerChooser,"ServerChooser/3[app.intra.ui.settings.Context,app.intra.ui.settings.AttributeSet,int]",TRUE,50,3,1,0,1,1,1,4,0,0,3,1,1,1,0,0,0,0,0,0,0,0,0,0,0,0,7,1,0,FALSE
D:\BilalModel\bilal\OOP\Ijaz\Intra\Android\app\src\main\java\app\intra\ui\settings\ServerChooser.java,app.intra.ui.settings.ServerChooser,"onGetDefaultValue/2[app.intra.ui.settings.TypedArray,int]",FALSE,79,1,0,0,0,1,1,3,1,0,2,1,0,0,0,0,0,0,0,0,0,0,0,0,0,0,8,4,0,FALSE
D:\BilalModel\bilal\OOP\Ijaz\Intra\Android\app\src\main\java\app\intra\ui\settings\ServerChooser.java,app.intra.ui.settings.ServerChooser,updateSummary/1[java.lang.String],FALSE,94,1,2,1,1,3,5,16,0,2,1,5,0,0,0,1,1,0,0,0,4,0,1,0,0,0,15,2,0,FALSE
D:\BilalModel\bilal\OOP\Ijaz\Intra\Android\app\src\main\java\app\intra\sys\IntraVpnService.java,app.intra.sys.IntraVpnService$Anonymous1,run/0,FALSE,125,1,3,0,3,1,1,3,0,0,0,1,0,0,0,0,0,0,0,0,0,0,0,0,0,0,4,1,0,FALSE
D:\BilalModel\bilal\OOP\Ijaz\Intra\Android\app\src\main\java\app\intra\sys\NetworkManager.java,app.intra.sys.NetworkManager,destroy/0,FALSE,78,0,1,1,0,3,3,14,1,0,0,3,0,0,0,1,1,0,1,0,1,1,1,0,0,0,8,0,0,FALSE
D:\BilalModel\bilal\OOP\Ijaz\Intra\Android\app\src\main\java\app\intra\sys\NetworkManager.java,app.intra.sys.NetworkManager,"NetworkManager/2[app.intra.sys.Context,app.intra.sys.NetworkManager.NetworkListener]",TRUE,53,6,3,2,1,3,7,18,0,2,2,7,0,0,0,1,0,0,0,0,6,0,1,1,0,0,19,1,0,FALSE
D:\BilalModel\bilal\OOP\Ijaz\Intra\Android\app\src\main\java\app\intra\sys\NetworkManager.java,app.intra.sys.NetworkManager,connectivityChanged/1[app.intra.sys.Intent],FALSE,93,4,4,1,3,7,7,18,2,2,1,7,1,1,0,4,0,0,2,0,2,2,1,0,0,0,24,2,0,FALSE
D:\BilalModel\bilal\OOP\Ijaz\Intra\Android\app\src\main\java\app\intra\sys\NetworkManager.java,app.intra.sys.NetworkManager,isConnectedNetwork/1[app.intra.sys.NetworkInfo],FALSE,118,1,1,1,0,2,2,6,2,0,1,2,0,0,0,1,0,0,0,0,0,0,1,0,0,0,7,10,0,FALSE
D:\BilalModel\bilal\OOP\Ijaz\Intra\Android\app\src\main\java\app\intra\sys\NetworkManager.java,app.intra.sys.NetworkManager,getSystemResolvers/0,FALSE,138,3,3,1,2,6,7,27,2,7,0,7,0,0,2,1,1,0,4,0,7,0,3,0,0,0,89,0,0,TRUE
D:\BilalModel\bilal\OOP\Ijaz\Intra\Android\app\src\main\java\app\intra\sys\IntraTileService.java,app.intra.sys.IntraTileService,onStartListening/0,FALSE,34,3,2,0,2,3,5,14,1,2,0,5,0,0,0,1,0,0,0,0,2,0,1,0,0,0,11,1,0,FALSE
D:\BilalModel\bilal\OOP\Ijaz\Intra\Android\app\src\main\java\app\intra\sys\IntraTileService.java,app.intra.sys.IntraTileService,onBind/1[app.intra.sys.Intent],FALSE,71,4,0,0,0,1,2,4,1,0,1,2,0,0,0,0,0,0,0,0,0,0,0,0,0,0,8,1,0,FALSE
D:\BilalModel\bilal\OOP\Ijaz\Intra\Android\app\src\main\java\app\intra\sys\IntraTileService.java,app.intra.sys.IntraTileService,onClick/0,FALSE,52,4,4,0,4,3,7,16,0,2,0,7,0,0,0,1,0,0,0,0,2,0,2,0,0,0,12,1,0,FALSE
D:\BilalModel\bilal\OOP\Ijaz\Intra\Android\app\src\main\java\app\intra\sys\firebase\AnalyticsWrapper.java,app.intra.sys.firebase.AnalyticsWrapper,onNetworkConnected/1[app.intra.sys.firebase.NetworkInfo],FALSE,83,1,0,0,0,1,0,3,0,0,1,0,0,0,0,0,0,0,0,0,1,0,0,0,0,0,5,1,0,FALSE
D:\BilalModel\bilal\OOP\Ijaz\Intra\Android\app\src\main\java\app\intra\sys\firebase\AnalyticsWrapper.java,app.intra.sys.firebase.AnalyticsWrapper,logTryAllCancelled/1[java.lang.String],FALSE,196,2,3,0,3,1,2,3,0,0,1,2,1,2,0,0,0,0,0,0,0,0,0,0,0,0,14,1,0,TRUE
D:\BilalModel\bilal\OOP\Ijaz\Intra\Android\app\src\main\java\app\intra\sys\firebase\AnalyticsWrapper.java,app.intra.sys.firebase.AnalyticsWrapper,logBootstrapFailed/1[java.lang.String],FALSE,136,2,3,0,3,1,2,3,0,0,1,2,1,2,0,0,0,0,0,0,0,0,0,0,0,0,14,1,0,TRUE
D:\BilalModel\bilal\OOP\Ijaz\Intra\Android\app\src\main\java\app\intra\sys\firebase\AnalyticsWrapper.java,app.intra.sys.firebase.AnalyticsWrapper,AnalyticsWrapper/1[app.intra.sys.firebase.Context],TRUE,66,3,3,1,2,1,1,5,0,0,1,1,0,0,0,0,0,0,0,0,3,0,0,0,0,0,11,2,0,FALSE
D:\BilalModel\bilal\OOP\Ijaz\Intra\Android\app\src\main\java\app\intra\sys\firebase\AnalyticsWrapper.java,app.intra.sys.firebase.AnalyticsWrapper,logTryAllFailed/0,FALSE,211,2,2,0,2,1,1,3,0,0,0,1,1,2,0,0,0,0,0,0,0,0,0,0,0,0,12,1,0,TRUE
D:\BilalModel\bilal\OOP\Ijaz\Intra\Android\app\src\main\java\app\intra\sys\firebase\AnalyticsWrapper.java,app.intra.sys.firebase.AnalyticsWrapper,"log/2[app.intra.sys.firebase.AnalyticsWrapper.Events,app.intra.sys.firebase.BundleBuilder]",FALSE,106,5,16,11,5,4,11,11,0,2,2,11,1,1,0,0,0,0,1,0,3,0,1,0,0,0,8,2,0,FALSE
D:\BilalModel\bilal\OOP\Ijaz\Intra\Android\app\src\main\java\app\intra\sys\firebase\AnalyticsWrapper.java,app.intra.sys.firebase.AnalyticsWrapper,logTryAllDialog/1[java.lang.String],FALSE,204,2,3,0,3,1,2,3,0,0,1,2,1,2,0,0,0,0,0,0,0,0,0,0,0,0,18,1,0,TRUE
D:\BilalModel\bilal\OOP\Ijaz\Intra\Android\app\src\main\java\app\intra\sys\firebase\AnalyticsWrapper.java,app.intra.sys.firebase.AnalyticsWrapper,get/1[app.intra.sys.firebase.Context],FALSE,75,2,6,5,1,2,0,6,1,0,1,0,0,0,0,1,0,0,0,0,1,0,1,0,0,0,7,9,0,FALSE
D:\BilalModel\bilal\OOP\Ijaz\Intra\Android\app\src\main\java\app\intra\sys\firebase\AnalyticsWrapper.java,app.intra.sys.firebase.AnalyticsWrapper,logStartVPN/1[java.lang.String],FALSE,180,2,4,1,3,1,2,3,0,0,1,2,1,2,0,0,0,0,0,0,0,0,0,0,0,0,14,1,0,TRUE
D:\BilalModel\bilal\OOP\Ijaz\Intra\Android\app\src\main\java\app\intra\sys\firebase\AnalyticsWrapper.java,app.intra.sys.firebase.AnalyticsWrapper,logTryAllAccepted/1[java.lang.String],FALSE,188,2,3,0,3,1,2,3,0,0,1,2,1,2,0,0,0,0,0,0,0,0,0,0,0,0,16,1,0,TRUE
D:\BilalModel\bilal\OOP\Ijaz\Intra\Android\app\src\main\java\app\intra\sys\firebase\AnalyticsWrapper.java,app.intra.sys.firebase.AnalyticsWrapper,"logEarlyReset/5[int,int,boolean,int,boolean]",FALSE,167,2,4,1,3,3,2,3,0,0,5,2,1,2,0,0,0,0,0,4,0,0,0,0,0,0,49,1,0,TRUE
D:\BilalModel\bilal\OOP\Ijaz\Intra\Android\app\src\main\java\app\intra\sys\firebase\AnalyticsWrapper.java,app.intra.sys.firebase.AnalyticsWrapper,onNetworkDisconnected/0,FALSE,88,0,0,0,0,1,0,3,0,0,0,0,0,0,0,0,0,0,0,0,1,0,0,0,0,0,4,1,0,FALSE
D:\BilalModel\bilal\OOP\Ijaz\Intra\Android\app\src\main\java\app\intra\sys\firebase\AnalyticsWrapper.java,app.intra.sys.firebase.AnalyticsWrapper,getNetworkType/0,FALSE,92,2,1,1,0,4,1,14,4,2,0,1,0,0,0,3,0,0,0,0,2,0,1,0,0,0,9,2,0,FALSE
D:\BilalModel\bilal\OOP\Ijaz\Intra\Android\app\src\main\java\app\intra\sys\firebase\AnalyticsWrapper.java,app.intra.sys.firebase.AnalyticsWrapper,"logTCP/5[long,long,int,int,int]",FALSE,149,2,5,1,4,1,3,3,0,0,5,3,1,2,0,0,0,0,0,0,0,0,0,0,0,0,39,1,0,TRUE
D:\BilalModel\bilal\OOP\Ijaz\Intra\Android\app\src\main\java\app\intra\sys\firebase\AnalyticsWrapper.java,app.intra.sys.firebase.AnalyticsWrapper,"logBootstrap/2[java.lang.String,int]",FALSE,126,2,4,0,4,1,3,3,0,0,2,3,1,2,0,0,0,0,0,0,0,0,0,0,0,0,17,1,0,TRUE
D:\BilalModel\bilal\OOP\Ijaz\Intra\Android\app\src\main\java\app\intra\sys\firebase\AnalyticsWrapper.java,app.intra.sys.firebase.AnalyticsWrapper,logTryAllRequested/0,FALSE,218,2,2,0,2,1,1,3,0,0,0,1,1,2,0,0,0,0,0,0,0,0,0,0,0,0,9,1,0,TRUE
D:\BilalModel\bilal\OOP\Ijaz\Intra\Android\app\src\main\java\app\intra\sys\firebase\AnalyticsWrapper.java,app.intra.sys.firebase.AnalyticsWrapper,"logUDP/3[long,long,int]",FALSE,228,2,5,1,4,1,3,3,0,0,3,3,1,2,0,0,0,0,0,0,0,0,0,0,0,0,22,1,0,TRUE
D:\BilalModel\bilal\OOP\Ijaz\Intra\Android\app\src\main\java\app\intra\sys\VpnController.java,app.intra.sys.VpnController,setIntraVpnService/1[app.intra.sys.IntraVpnService],FALSE,46,1,2,2,0,1,0,3,0,0,1,0,0,0,0,0,0,0,0,0,1,0,0,0,0,0,5,0,0,FALSE
D:\BilalModel\bilal\OOP\Ijaz\Intra\Android\app\src\main\java\app\intra\sys\VpnController.java,app.intra.sys.VpnController,getIntraVpnService/0,FALSE,50,2,1,1,0,1,0,3,1,0,0,0,0,0,0,0,0,0,0,0,0,0,0,0,0,0,4,1,0,FALSE
D:\BilalModel\bilal\OOP\Ijaz\Intra\Android\app\src\main\java\app\intra\sys\VpnController.java,app.intra.sys.VpnController,getState/1[app.intra.sys.Context],FALSE,109,4,8,5,3,2,2,5,1,2,1,2,0,0,0,1,0,0,0,0,2,0,0,0,0,0,10,33,0,FALSE
D:\BilalModel\bilal\OOP\Ijaz\Intra\Android\app\src\main\java\app\intra\sys\VpnController.java,app.intra.sys.VpnController,stateChanged/1[app.intra.sys.Context],FALSE,63,2,4,4,0,1,3,4,0,1,1,3,0,0,0,0,0,0,0,0,1,0,0,0,0,0,6,2,0,FALSE
D:\BilalModel\bilal\OOP\Ijaz\Intra\Android\app\src\main\java\app\intra\sys\VpnController.java,app.intra.sys.VpnController,"onConnectionStateChanged/2[app.intra.sys.Context,app.intra.sys.IntraVpnService.State]",FALSE,54,3,6,5,1,2,1,7,1,0,2,1,1,1,0,1,0,0,0,0,1,0,1,0,0,0,12,33,0,FALSE
D:\BilalModel\bilal\OOP\Ijaz\Intra\Android\app\src\main\java\app\intra\sys\VpnController.java,app.intra.sys.VpnController,VpnController/0,TRUE,44,0,1,1,0,1,0,2,0,0,0,0,0,0,0,0,0,0,0,0,0,0,0,0,0,0,2,2,0,FALSE
D:\BilalModel\bilal\OOP\Ijaz\Intra\Android\app\src\main\java\app\intra\sys\VpnController.java,app.intra.sys.VpnController,clone/0,FALSE,29,0,0,0,0,1,0,3,0,0,0,0,0,0,0,0,0,0,0,0,0,0,0,0,0,0,6,1,0,FALSE
D:\BilalModel\bilal\OOP\Ijaz\Intra\Android\app\src\main\java\app\intra\sys\VpnController.java,app.intra.sys.VpnController,getTracker/1[app.intra.sys.Context],FALSE,68,2,8,7,1,2,0,6,1,0,1,0,0,0,0,1,0,0,0,0,1,0,1,0,0,0,7,33,0,FALSE
D:\BilalModel\bilal\OOP\Ijaz\Intra\Android\app\src\main\java\app\intra\sys\VpnController.java,app.intra.sys.VpnController,getInstance/0,FALSE,33,1,18,17,1,2,0,6,1,0,0,0,0,0,0,1,0,0,0,0,1,0,1,0,0,0,8,41,0,FALSE
D:\BilalModel\bilal\OOP\Ijaz\Intra\Android\app\src\main\java\app\intra\sys\VpnController.java,app.intra.sys.VpnController,"onStartComplete/2[app.intra.sys.Context,boolean]",FALSE,89,2,3,1,2,2,2,8,0,0,2,2,2,2,0,0,0,0,0,0,0,0,1,0,0,0,9,32,0,FALSE
D:\BilalModel\bilal\OOP\Ijaz\Intra\Android\app\src\main\java\app\intra\sys\VpnController.java,app.intra.sys.VpnController,start/1[app.intra.sys.Context],FALSE,75,5,5,3,2,3,4,14,1,1,1,4,1,1,0,1,0,0,0,0,1,0,1,0,0,0,10,33,0,FALSE
D:\BilalModel\bilal\OOP\Ijaz\Intra\Android\app\src\main\java\app\intra\sys\VpnController.java,app.intra.sys.VpnController,stop/1[app.intra.sys.Context],FALSE,99,4,6,3,3,2,3,9,0,0,1,3,1,1,0,1,0,0,0,0,2,0,1,0,0,0,12,33,0,FALSE
D:\BilalModel\bilal\OOP\Ijaz\Intra\Android\app\src\main\java\app\intra\net\doh\Prober.java,app.intra.net.doh.Prober,"probe/2[java.lang.String,app.intra.net.doh.Prober.Callback]",FALSE,42,1,1,1,0,1,0,1,0,0,2,0,0,0,0,0,0,0,0,0,0,0,0,0,0,0,20,1025,0,TRUE
D:\BilalModel\bilal\OOP\Ijaz\Intra\Android\app\src\main\java\app\intra\net\go\GoProber.java,app.intra.net.go.GoProber,GoProber/1[app.intra.net.go.Context],TRUE,34,1,1,1,0,1,0,3,0,0,1,0,0,0,0,0,0,0,0,0,1,0,0,0,0,0,4,1,0,FALSE
D:\BilalModel\bilal\OOP\Ijaz\Intra\Android\app\src\main\java\app\intra\net\go\GoProber.java,app.intra.net.go.GoProber,"probe/2[java.lang.String,app.intra.net.doh.Prober.Callback]",FALSE,39,6,4,0,4,6,7,23,2,4,2,7,0,0,0,2,1,0,0,1,4,0,3,0,0,1,25,1,0,FALSE
D:\BilalModel\bilal\OOP\Ijaz\Intra\Android\app\src\main\java\app\intra\net\doh\Race.java,app.intra.net.doh.Race,"start/3[app.intra.net.doh.Context,java.lang.String[],app.intra.net.doh.Race.Listener]",FALSE,41,5,2,0,2,1,1,4,0,1,3,1,1,1,0,0,0,0,0,0,1,0,0,0,0,0,39,9,0,TRUE
D:\BilalModel\bilal\OOP\Ijaz\Intra\Android\app\src\main\java\app\intra\net\doh\Race.java,app.intra.net.doh.Race,"start/3[app.intra.net.doh.Prober,java.lang.String[],app.intra.net.doh.Race.Listener]",FALSE,47,4,7,4,3,2,1,6,0,2,3,1,0,0,1,0,0,0,0,1,2,0,1,0,0,0,7,8,0,FALSE
